name,region,district,archived,externalID
Anyinasuso,Ashanti,Ahafo-Ano North,,
Betiako,Ashanti,Ahafo-Ano North,,
Manfo,Ashanti,Ahafo-Ano North,,
Subriso,Ashanti,Ahafo-Ano North,,
Tepa,Ashanti,Ahafo-Ano North,,
Biemso,Ashanti,Ahafo-Ano South,,
Mankranso,Ashanti,Ahafo-Ano South,,
Mpasaso,Ashanti,Ahafo-Ano South,,
Pokukrom,Ashanti,Ahafo-Ano South,,
Sabronum,Ashanti,Ahafo-Ano South,,
Wioso,Ashanti,Ahafo-Ano South,,
Aboabo,Ashanti,Adansi North,,
Akrokerri,Ashanti,Adansi North,,
Anhwiaso,Ashanti,Adansi North,,
Asokwa,Ashanti,Adansi North,,
Fomena,Ashanti,Adansi North,,
Fumso,Ashanti,Adansi North,,
Akrofuom,Ashanti,Adansi South,,
Akutreso,Ashanti,Adansi South,,
Amponyase,Ashanti,Adansi South,,
Ataase,Ashanti,Adansi South,,
New Edubiase,Ashanti,Adansi South,,
Aboabogya,Ashanti,Afigya-Kwabre,,
Afrancho,Ashanti,Afigya-Kwabre,,
Ankaase,Ashanti,Afigya-Kwabre,,
Boamang-Kwamang-Ahenkro,Ashanti,Afigya-Kwabre,,
Brofoyedru,Ashanti,Afigya-Kwabre,,
Kyekyewere,Ashanti,Afigya-Kwabre,,
Aboabo,Ashanti,Asokore-Mampong,,
Adukrom,Ashanti,Asokore-Mampong,,
Airport,Ashanti,Asokore-Mampong,,
Asawase,Ashanti,Asokore-Mampong,,
Asokore Mampong,Ashanti,Asokore-Mampong,,
Sawaba,Ashanti,Asokore-Mampong,,
Sepe Timpom,Ashanti,Asokore-Mampong,,
Fena Hia,Ashanti,Amansie Central,,
Fiankoma,Ashanti,Amansie Central,,
Jacobu,Ashanti,Amansie Central,,
Numereso,Ashanti,Amansie Central,,
Tweapease,Ashanti,Amansie Central,,
Agroyesum,Ashanti,Amansie West,,
Antoakrom,Ashanti,Amansie West,,
Edubia,Ashanti,Amansie West,,
Essuowin,Ashanti,Amansie West,,
Keniago,Ashanti,Amansie West,,
Manso Nkwanta,Ashanti,Amansie West,,
Tontokrom,Ashanti,Amansie West,,
Dwease-Praaso,Ashanti,Asante-Akim Central,,
Konongo,Ashanti,Asante-Akim Central,,
Odumase,Ashanti,Asante-Akim Central,,
Patriensa,Ashanti,Asante-Akim Central,,
Adidwan,Ashanti,Asante-Mampong,,
Kofiase,Ashanti,Asante-Mampong,,
Krobo,Ashanti,Asante-Mampong,,
Mampong,Ashanti,Asante-Mampong,,
Yonso,Ashanti,Asante-Mampong,,
Agogo (ashanti),Ashanti,Asante-Akim North,,
Amantenaman,Ashanti,Asante-Akim North,,
Ananekrom,Ashanti,Asante-Akim North,,
Juansa,Ashanti,Asante-Akim North,,
Banka,Ashanti,Asante-Akim South,,
Bompata,Ashanti,Asante-Akim South,,
Juaso,Ashanti,Asante-Akim South,,
Komeso,Ashanti,Asante-Akim South,,
Obogu,Ashanti,Asante-Akim South,,
Ofoase,Ashanti,Asante-Akim South,,
Ahenema Kokobeng,Ashanti,Atwima-Kwanwoma,,
Foase,Ashanti,Atwima-Kwanwoma,,
Trabuom,Ashanti,Atwima-Kwanwoma,,
Trede,Ashanti,Atwima-Kwanwoma,,
Bayerebon,Ashanti,Atwima-Mponua,,
Gyereso,Ashanti,Atwima-Mponua,,
Kotokuom,Ashanti,Atwima-Mponua,,
Ntobroso,Ashanti,Atwima-Mponua,,
Nyinahin,Ashanti,Atwima-Mponua,,
Saakrom,Ashanti,Atwima-Mponua,,
Sreso,Ashanti,Atwima-Mponua,,
Abuakwa,Ashanti,Atwima-Wabiagya,,
Akropong,Ashanti,Atwima-Wabiagya,,
Asuofua,Ashanti,Atwima-Wabiagya,,
Barekese,Ashanti,Atwima-Wabiagya,,
Dabaa,Ashanti,Atwima-Wabiagya,,
Nkawie,Ashanti,Atwima-Wabiagya,,
Bekwai,Ashanti,Bekwai,,
Dominase,Ashanti,Bekwai,,
Kokofu,Ashanti,Bekwai,,
Kortwia,Ashanti,Bekwai,,
Asiwa,Ashanti,Bosome-Freho,,
Dunkura,Ashanti,Bosome-Freho,,
Nsuaem,Ashanti,Bosome-Freho,,
Nsuta,Ashanti,Bosome-Freho,,
Tebeso,Ashanti,Bosome-Freho,,
Amakom,Ashanti,Bosomtwe,,
Jachie,Ashanti,Bosomtwe,,
Kuntanase,Ashanti,Bosomtwe,,
Pramso,Ashanti,Bosomtwe,,
Achiase,Ashanti,Ejisu-Juaben,,
Bomfa,Ashanti,Ejisu-Juaben,,
Ejisu,Ashanti,Ejisu-Juaben,,
Juaben,Ashanti,Ejisu-Juaben,,
Kwaso,Ashanti,Ejisu-Juaben,,
Anyinasu,Ashanti,Ejura-Sekyedumasi,,
Babaso,Ashanti,Ejura-Sekyedumasi,,
Ejura,Ashanti,Ejura-Sekyedumasi,,
Kasei,Ashanti,Ejura-Sekyedumasi,,
Kyenkyenkura,Ashanti,Ejura-Sekyedumasi,,
Nyamebekyere,Ashanti,Ejura-Sekyedumasi,,
Sekyedumase,Ashanti,Ejura-Sekyedumasi,,
Asokwa,Ashanti,Kumasi,,
Bantama,Ashanti,Kumasi,,
Tafo,Ashanti,Kumasi,,
Manhyia,Ashanti,Kumasi,,
Subin,Ashanti,Kumasi,,
Aboaso,Ashanti,Kwabre East,,
Asonomaso,Ashanti,Kwabre East,,
Kenyase,Ashanti,Kwabre East,,
Mamponteng,Ashanti,Kwabre East,,
Brahabebome,Ashanti,Obuasi,,
Gauso,Ashanti,Obuasi,,
Kwabrafoso,Ashanti,Obuasi,,
New Nsuta,Ashanti,Obuasi,,
Tutuka,Ashanti,Obuasi,,
Abofour,Ashanti,Offinso,,
Anyinasuso,Ashanti,Offinso,,
Bonsua,Ashanti,Offinso,,
Kwagyekrom,Ashanti,Offinso,,
Offinso Central,Ashanti,Offinso,,
Akumadan,Ashanti,Offinso North,,
Amponsakrom,Ashanti,Offinso North,,
Kobreso,Ashanti,Offinso North,,
Mankramso,Ashanti,Offinso North,,
Nkenkaasu,Ashanti,Offinso North,,
Anyinofi,Ashanti,Sekyere-Afram Plains,,
Dawia,Ashanti,Sekyere-Afram Plains,,
Drobonso,Ashanti,Sekyere-Afram Plains,,
Funsua,Ashanti,Sekyere-Afram Plains,,
Asubuasu,Ashanti,Sekyere Central,,
Birem,Ashanti,Sekyere Central,,
Kwamang,Ashanti,Sekyere Central,,
Nsuta,Ashanti,Sekyere Central,,
Oku,Ashanti,Sekyere Central,,
Asokore,Ashanti,Sekyere East,,
Effiduase,Ashanti,Sekyere East,,
Mponua,Ashanti,Sekyere East,,
Nyanfa,Ashanti,Sekyere East,,
Agona,Ashanti,Sekyere South,,
Jamasi,Ashanti,Sekyere South,,
Kona,Ashanti,Sekyere South,,
Wiamoase,Ashanti,Sekyere South,,
Bira Onwam,Ashanti,Sekyere-Kumawu,,
Kumawu,Ashanti,Sekyere-Kumawu,,
Oyoko,Ashanti,Sekyere-Kumawu,,
Woraso,Ashanti,Sekyere-Kumawu,,
Gambia,Brong Ahafo,Asutifi North,,
Goamu-Koforidua,Brong Ahafo,Asutifi North,,
Gyedu,Brong Ahafo,Asutifi North,,
Kenyasi,Brong Ahafo,Asutifi North,,
Acherensua,Brong Ahafo,Asutifi South,,
Dadiesoaba,Brong Ahafo,Asutifi South,,
Hwidiem,Brong Ahafo,Asutifi South,,
Nkaseim,Brong Ahafo,Asutifi South,,
Amanten,Brong Ahafo,Atebubu-Amanten,,
Atebubu,Brong Ahafo,Atebubu-Amanten,,
Garadima,Brong Ahafo,Atebubu-Amanten,,
Kumfia,Brong Ahafo,Atebubu-Amanten,,
Nyomoase,Brong Ahafo,Atebubu-Amanten,,
Akrodie,Brong Ahafo,Asunafo North,,
Asumura,Brong Ahafo,Asunafo North,,
Ayomso,Brong Ahafo,Asunafo North,,
Goaso,Brong Ahafo,Asunafo North,,
Kasapin,Brong Ahafo,Asunafo North,,
Mim,Brong Ahafo,Asunafo North,,
Abuom,Brong Ahafo,Asunafo South,,
Kukuom,Brong Ahafo,Asunafo South,,
Kwapong,Brong Ahafo,Asunafo South,,
Sankore,Brong Ahafo,Asunafo South,,
Banda Ahenkro,Brong Ahafo,Banda,,
Bongase,Brong Ahafo,Banda,,
Dorbor,Brong Ahafo,Banda,,
Sabiye,Brong Ahafo,Banda,,
Berekum Central,Brong Ahafo,Berekum,,
Berekum East,Brong Ahafo,Berekum,,
Berekum North,Brong Ahafo,Berekum,,
Berekum South,Brong Ahafo,Berekum,,
Berekum West,Brong Ahafo,Berekum,,
Jinijini,Brong Ahafo,Berekum,,
Aboabo (brong Ahafo),Brong Ahafo,Dormaa Central,,
Amasu,Brong Ahafo,Dormaa Central,,
Asikasu,Brong Ahafo,Dormaa Central,,
Danyame,Brong Ahafo,Dormaa Central,,
Dormaa Ahenkro,Brong Ahafo,Dormaa Central,,
Dormaa Akwamu,Brong Ahafo,Dormaa East,,
Kyeremasu,Brong Ahafo,Dormaa East,,
Wamanafo,Brong Ahafo,Dormaa East,,
Wamfie,Brong Ahafo,Dormaa East,,
Kwabena dwomokrom,Brong Ahafo,Dormaa West,,
Kwadwokumikrom,Brong Ahafo,Dormaa West,,
Nkrankwanta,Brong Ahafo,Dormaa West,,
Yaakrom,Brong Ahafo,Dormaa West,,
Adadiem,Brong Ahafo,Jaman North,,
Duadaso,Brong Ahafo,Jaman North,,
Goka,Brong Ahafo,Jaman North,,
Sampa,Brong Ahafo,Jaman North,,
Seketia,Brong Ahafo,Jaman North,,
Suma,Brong Ahafo,Jaman North,,
Abirikasu,Brong Ahafo,Jaman South,,
Adamsu,Brong Ahafo,Jaman South,,
Drobo,Brong Ahafo,Jaman South,,
Gonasua,Brong Ahafo,Jaman South,,
Jenjemireja,Brong Ahafo,Jaman South,,
Zezera,Brong Ahafo,Jaman South,,
Busuama,Brong Ahafo,Kintampo North,,
Dawadawa,Brong Ahafo,Kintampo North,,
Gulumpe,Brong Ahafo,Kintampo North,,
Kadelso,Brong Ahafo,Kintampo North,,
Kintampo,Brong Ahafo,Kintampo North,,
Kunsu,Brong Ahafo,Kintampo North,,
New Longoro,Brong Ahafo,Kintampo North,,
Amoma,Brong Ahafo,Kintampo South,,
Anyima,Brong Ahafo,Kintampo South,,
Apesika,Brong Ahafo,Kintampo South,,
Dumso,Brong Ahafo,Kintampo South,,
Jema,Brong Ahafo,Kintampo South,,
Mansie,Brong Ahafo,Kintampo South,,
Busunya,Brong Ahafo,Nkoranza North,,
Dromankese,Brong Ahafo,Nkoranza North,,
Kranka,Brong Ahafo,Nkoranza North,,
Yefri,Brong Ahafo,Nkoranza North,,
Ahyiayem,Brong Ahafo,Nkoranza South,,
Akuma,Brong Ahafo,Nkoranza South,,
Ayerede,Brong Ahafo,Nkoranza South,,
Bonsu,Brong Ahafo,Nkoranza South,,
Donkro Nkwanta,Brong Ahafo,Nkoranza South,,
Nkoranza,Brong Ahafo,Nkoranza South,,
Nkwabeng,Brong Ahafo,Nkoranza South,,
Abease,Brong Ahafo,Pru,,
Parambo,Brong Ahafo,Pru,,
Prang,Brong Ahafo,Pru,,
Yeji,Brong Ahafo,Pru,,
Zabrama,Brong Ahafo,Pru,,
Bassa,Brong Ahafo,Sene East,,
Kajaji,Brong Ahafo,Sene East,,
Kojokrom,Brong Ahafo,Sene East,,
Bantama (brong Ahafo),Brong Ahafo,Sene West,,
Drobe,Brong Ahafo,Sene West,,
Kwame Danso,Brong Ahafo,Sene West,,
Kyeamekrom,Brong Ahafo,Sene West,,
Lassi,Brong Ahafo,Sene West,,
Abesim,Brong Ahafo,Sunyani,,
Antwikrom,Brong Ahafo,Sunyani,,
New Dormaa,Brong Ahafo,Sunyani,,
New Town-bakoniaba,Brong Ahafo,Sunyani,,
Penkwase,Brong Ahafo,Sunyani,,
Sunyani Central,Brong Ahafo,Sunyani,,
Bofourkrom,Brong Ahafo,Sunyani West,,
Chiraa,Brong Ahafo,Sunyani West,,
Fiapre,Brong Ahafo,Sunyani West,,
Nsoatre,Brong Ahafo,Sunyani West,,
Odumase (brong Ahafo),Brong Ahafo,Sunyani West,,
Badu,Brong Ahafo,Tain,,
Debibi,Brong Ahafo,Tain,,
Nsawkaw,Brong Ahafo,Tain,,
Adrobaa,Brong Ahafo,Tano North,,
Bomaa,Brong Ahafo,Tano North,,
Duayaw Nkwanta,Brong Ahafo,Tano North,,
Tanoso,Brong Ahafo,Tano North,,
Yamfo,Brong Ahafo,Tano North,,
Bechem,Brong Ahafo,Tano South,,
Brosankro,Brong Ahafo,Tano South,,
Derma,Brong Ahafo,Tano South,,
Techimantia,Brong Ahafo,Tano South,,
Nkwaeso,Brong Ahafo,Techiman,,
Nsuta,Brong Ahafo,Techiman,,
Oforikrom,Brong Ahafo,Techiman,,
Tanoso,Brong Ahafo,Techiman,,
Techiman East,Brong Ahafo,Techiman,,
Techiman North,Brong Ahafo,Techiman,,
Techiman West,Brong Ahafo,Techiman,,
Aworowa,Brong Ahafo,Techiman North,,
Buoyem,Brong Ahafo,Techiman North,,
Krobo,Brong Ahafo,Techiman North,,
Offuman,Brong Ahafo,Techiman North,,
Tuobodom,Brong Ahafo,Techiman North,,
Asuogya,Brong Ahafo,Wenchi,,
Nchiraa,Brong Ahafo,Wenchi,,
Subinso,Brong Ahafo,Wenchi,,
Tromeso,Brong Ahafo,Wenchi,,
Wenchi East,Brong Ahafo,Wenchi,,
Wenchi West,Brong Ahafo,Wenchi,,
Abakrampa,Central,Abura-Asebu-Kwamankese,,
Abura Dunkwa,Central,Abura-Asebu-Kwamankese,,
Asuansi,Central,Abura-Asebu-Kwamankese,,
Gyabankrom,Central,Abura-Asebu-Kwamankese,,
Moree,Central,Abura-Asebu-Kwamankese,,
Abaasa,Central,Ajumako-Enyan-Essiam,,
Ajumako,Central,Ajumako-Enyan-Essiam,,
Bisease,Central,Ajumako-Enyan-Essiam,,
Nkwantanum,Central,Ajumako-Enyan-Essiam,,
Sunkwa,Central,Ajumako-Enyan-Essiam,,
Asafo,Central,Agona East,,
Duakwa/Mensakrom,Central,Agona East,,
Kwanyako,Central,Agona East,,
Mankrong,Central,Agona East,,
Nsaba,Central,Agona East,,
ABODOM,Central,Agona West,,
Bobikuma,Central,Agona West,,
Nkum,Central,Agona West,,
Nyakrom,Central,Agona West,,
Swedru,Central,Agona West,,
Akoti,Central,Assin North,,
Bediadua,Central,Assin North,,
Bereku,Central,Assin North,,
Foso,Central,Assin North,,
Kushea,Central,Assin North,,
Praso,Central,Assin North,,
Anyinabrim (central),Central,Assin South,,
Jakai,Central,Assin South,,
Manso (central),Central,Assin South,,
Nsuta (central),Central,Assin South,,
Nyankumasi Ahenkro,Central,Assin South,,
Ongwa,Central,Assin South,,
Amanfopong,Central,Asikuma-Odoben-Brakwa,,
Anhwiam,Central,Asikuma-Odoben-Brakwa,,
Asikuma,Central,Asikuma-Odoben-Brakwa,,
Bedum,Central,Asikuma-Odoben-Brakwa,,
Brakwa,Central,Asikuma-Odoben-Brakwa,,
Odoben,Central,Asikuma-Odoben-Brakwa,,
Akwelley,Central,Awutu-Senya East,,
Kasoa Main,Central,Awutu-Senya East,,
Kasoa North,Central,Awutu-Senya East,,
Odupong Kpehe,Central,Awutu-Senya East,,
Opeikuma,Central,Awutu-Senya East,,
Awutu,Central,Awutu-Senya West,,
Bawjiase,Central,Awutu-Senya West,,
Bontrase,Central,Awutu-Senya West,,
Papaase,Central,Awutu-Senya West,,
Senya Breku,Central,Awutu-Senya West,,
 Adisadel,Central,Cape Coast,,
Cape Coast Rch Central,Central,Cape Coast,,
Efutu,Central,Cape Coast,,
Ewim,Central,Cape Coast,,
UCC,Central,Cape Coast,,
Essuekyir-Gyahadze,Central,Efutu,,
Kojo Beedu North - Low cost,Central,Efutu,,
Winneba East,Central,Efutu,,
Winneba West,Central,Efutu,,
Essuehyia,Central,Ekumfi,,
Narkwa,Central,Ekumfi,,
Otuam,Central,Ekumfi,,
Buduatta,Central,Gomoa East,,
Buduburam,Central,Gomoa East,,
Nyanyano,Central,Gomoa East,,
Obuasi,Central,Gomoa East,,
Ojobi,Central,Gomoa East,,
Okyereko,Central,Gomoa East,,
Potsin,Central,Gomoa East,,
Apam,Central,Gomoa West,,
Brofo,Central,Gomoa West,,
Dago,Central,Gomoa West,,
Mumford,Central,Gomoa West,,
Oguaa,Central,Gomoa West,,
Onyadze,Central,Gomoa West,,
Osedze,Central,Gomoa West,,
Agona (central),Central,Komenda-Edina-Eguafo-Abirem,,
Ankaful,Central,Komenda-Edina-Eguafo-Abirem,,
Elmina,Central,Komenda-Edina-Eguafo-Abirem,,
Kissi,Central,Komenda-Edina-Eguafo-Abirem,,
Komenda,Central,Komenda-Edina-Eguafo-Abirem,,
Anomabo,Central,Mfantsiman,,
Biriwa,Central,Mfantsiman,,
Dominase (central),Central,Mfantsiman,,
Mankessim,Central,Mfantsiman,,
Saltpond,Central,Mfantsiman,,
Frami,Central,Twifu-Hemang Lower Denkyira,,
Hemang,Central,Twifu-Hemang Lower Denkyira,,
Jukwa,Central,Twifu-Hemang Lower Denkyira,,
Mokwa,Central,Twifu-Ati-Mokwa,,
Nyinase,Central,Twifu-Ati-Mokwa,,
Praso,Central,Twifu-Ati-Mokwa,,
Wamaso,Central,Twifu-Ati-Mokwa,,
Asikuma(Denkyira East),Central,Upper Denkyira East,,
Dunkwa,Central,Upper Denkyira East,,
Imbraim,Central,Upper Denkyira East,,
Kyekyewere,Central,Upper Denkyira East,,
Oponso,Central,Upper Denkyira East,,
Pokukrom,Central,Upper Denkyira East,,
Ayanfuri,Central,Upper Denkyira West,,
Diaso,Central,Upper Denkyira West,,
Ntom,Central,Upper Denkyira West,,
Subin (central),Central,Upper Denkyira West,,
Abenase,Eastern,Akyemansa,,
Akokoaso,Eastern,Akyemansa,,
Anyinase,Eastern,Akyemansa,,
Ayirebi,Eastern,Akyemansa,,
Brenase,Eastern,Akyemansa,,
Ofoase (eastern),Eastern,Akyemansa,,
Otwereso,Eastern,Akyemansa,,
Adawso,Eastern,Akwapim North,,
Adukrom,Eastern,Akwapim North,,
Akropong (eastern),Eastern,Akwapim North,,
Larteh,Eastern,Akwapim North,,
Mampong,Eastern,Akwapim North,,
Mangoase,Eastern,Akwapim North,,
Okrakwadjo,Eastern,Akwapim North,,
Tinkong,Eastern,Akwapim North,,
Aburi,Eastern,Akwapim South,,
Berekuso,Eastern,Akwapim South,,
Obotwere,Eastern,Akwapim South,,
Pakro,Eastern,Akwapim South,,
Pokrom,Eastern,Akwapim South,,
Agyata,Eastern,Afram Plains South,,
Asanyansu,Eastern,Afram Plains South,,
Dim Sakabo,Eastern,Afram Plains South,,
Ekye,Eastern,Afram Plains South,,
Forifori,Eastern,Afram Plains South,,
Kwasi Fante,Eastern,Afram Plains South,,
Mame Krobo,Eastern,Afram Plains South,,
Samanhyia,Eastern,Afram Plains South,,
Tease,Eastern,Afram Plains South,,
Senchi,Eastern,Asuogyaman,,
Adjena Gyakiti,Eastern,Asuogyaman,,
Akosombo,Eastern,Asuogyaman,,
Akwamufie Apeguso,Eastern,Asuogyaman,,
Anum Boso,Eastern,Asuogyaman,,
Atimpoku,Eastern,Asuogyaman,,
Abomosu,Eastern,Atiwa,,
Anyinam,Eastern,Atiwa,,
Awenare,Eastern,Atiwa,,
Kadewaso,Eastern,Atiwa,,
Kwabeng,Eastern,Atiwa,,
New Jejeti,Eastern,Atiwa,,
Amanase SD,Eastern,Ayensuano,,
Anum Apapam,Eastern,Ayensuano,,
Asuboi,Eastern,Ayensuano,,
Coaltar,Eastern,Ayensuano,,
Dorkrochiwa,Eastern,Ayensuano,,
Kofi Pare,Eastern,Ayensuano,,
Kuano,Eastern,Ayensuano,,
Marfo,Eastern,Ayensuano,,
Teacher Mante,Eastern,Ayensuano,,
Akroso,Eastern,Birim Central,,
Asene,Eastern,Birim Central,,
Asuboa,Eastern,Birim Central,,
Asuoso,Eastern,Birim Central,,
Attiankama Nkwanta,Eastern,Birim Central,,
Badukrom,Eastern,Birim Central,,
Eshiem,Eastern,Birim Central,,
Jamaica,Eastern,Birim Central,,
Manso (eastern),Eastern,Birim Central,,
Oda New Town,Eastern,Birim Central,,
Oda Nkwanta,Eastern,Birim Central,,
Old Town,Eastern,Birim Central,,
Afosu,Eastern,Birim North,,
Akoase,Eastern,Birim North,,
Amuana Praso,Eastern,Birim North,,
New Abirem,Eastern,Birim North,,
Nkwateng,Eastern,Birim North,,
Tweapease (eastern),Eastern,Birim North,,
Apoli,Eastern,Birim South,,
Achiase,Eastern,Birim South,,
Aduasa,Eastern,Birim South,,
Akenkausu,Eastern,Birim South,,
Akim Swedru,Eastern,Birim South,,
Anamase,Eastern,Birim South,,
Aperade,Eastern,Birim South,,
Osoroase,Eastern,Birim South,,
Akwatia,Eastern,Denkyembour,,
Apinamang,Eastern,Denkyembour,,
Boadua,Eastern,Denkyembour,,
Okumaning,Eastern,Denkyembour,,
Takrowase,Eastern,Denkyembour,,
Topremang,Eastern,Denkyembour,,
Amanfrom,Eastern,East Akim,,
Apedwa,Eastern,East Akim,,
Asafo (eastern),Eastern,East Akim,,
Asiakwa,Eastern,East Akim,,
Bunso,Eastern,East Akim,,
Kibi,Eastern,East Akim,,
Kukurantumi,Eastern,East Akim,,
Tafo,Eastern,East Akim,,
Abourso,Eastern,Fanteakwa,,
Ahomahomasu,Eastern,Fanteakwa,,
Asirebuso,Eastern,Fanteakwa,,
Begoro,Eastern,Fanteakwa,,
Bosuso,Eastern,Fanteakwa,,
Dedeso,Eastern,Fanteakwa,,
Osino,Eastern,Fanteakwa,,
Abaam,Eastern,Kwaebibirem,,
Abenehease,Eastern,Kwaebibirem,,
Asuom,Eastern,Kwaebibirem,,
Kade,Eastern,Kwaebibirem,,
Otumi,Eastern,Kwaebibirem,,
Pramkese,Eastern,Kwaebibirem,,
Subi,Eastern,Kwaebibirem,,
Takyiman,Eastern,Kwaebibirem,,
Abetifi,Eastern,Kwahu East,,
Akwasiho,Eastern,Kwahu East,,
Ankoma,Eastern,Kwahu East,,
Hweehwee,Eastern,Kwahu East,,
Kotoso,Eastern,Kwahu East,,
Kwahu Tafo,Eastern,Kwahu East,,
Nkwatia,Eastern,Kwahu East,,
Pepease,Eastern,Kwahu East,,
Sempoa,Eastern,Kwahu East,,
Abomasarefo,Eastern,Kwahu North,,
Amankwa,Eastern,Kwahu North,,
Bruben,Eastern,Kwahu North,,
Cedikope Island,Eastern,Kwahu North,,
Digya Island,Eastern,Kwahu North,,
Donkorkrom Central,Eastern,Kwahu North,,
Donkorkrom North,Eastern,Kwahu North,,
Donkorkrom South,Eastern,Kwahu North,,
Dwarf Island,Eastern,Kwahu North,,
Faaso Battor,Eastern,Kwahu North,,
Memchemfre,Eastern,Kwahu North,,
Ntonaboma,Eastern,Kwahu North,,
Tsetsekpo,Eastern,Kwahu North,,
Asakraka,Eastern,Kwahu South,,
Bepong,Eastern,Kwahu South,,
Kwahu Amanfrom,Eastern,Kwahu South,,
Kwahu Praso,Eastern,Kwahu South,,
Mpraeso,Eastern,Kwahu South,,
Nkyenenkyene,Eastern,Kwahu South,,
Apradang,Eastern,Kwahu West,,
Asuboni,Eastern,Kwahu West,,
Aweregya,Eastern,Kwahu West,,
Denteng,Eastern,Kwahu West,,
Jejeti,Eastern,Kwahu West,,
Nkawkaw East,Eastern,Kwahu West,,
Nkawkaw West,Eastern,Kwahu West,,
Agormanya,Eastern,Lower Manya-Krobo,,
Akuse,Eastern,Lower Manya-Krobo,,
Asitey,Eastern,Lower Manya-Krobo,,
Kpong,Eastern,Lower Manya-Krobo,,
Oborpa,Eastern,Lower Manya-Krobo,,
Odumase (Eastern),Eastern,Lower Manya-Krobo,,
Adweso,Eastern,New Juaben,,
Asokore-akwadum,Eastern,New Juaben,,
Effiduase (eastern),Eastern,New Juaben,,
Jumapo,Eastern,New Juaben,,
Koforidua,Eastern,New Juaben,,
Old Estate-densuano,Eastern,New Juaben,,
NEWLANDS MEDICAL CLINIC,Eastern,New Juaben,,
Oyoko,Eastern,New Juaben,,
Zongo,Eastern,New Juaben,,
Adoagyiri,Eastern,Nsawam-Adoagyiri,,
Djankrom,Eastern,Nsawam-Adoagyiri,,
Dobro,Eastern,Nsawam-Adoagyiri,,
Fotobi,Eastern,Nsawam-Adoagyiri,,
Kwakyekrom,Eastern,Nsawam-Adoagyiri,,
Nsawam,Eastern,Nsawam-Adoagyiri,,
Panpanso,Eastern,Nsawam-Adoagyiri,,
Akorabo,Eastern,Suhum,,
Akote,Eastern,Suhum,,
Ayekotse,Eastern,Suhum,,
Kukua,Eastern,Suhum,,
Nankese,Eastern,Suhum,,
Obretema,Eastern,Suhum,,
Sra,Eastern,Suhum,,
Suhum,Eastern,Suhum,,
Supresu,Eastern,Suhum,,
Akateng,Eastern,Upper Manya-Krobo,,
Anyaboni,Eastern,Upper Manya-Krobo,,
Asesewa,Eastern,Upper Manya-Krobo,,
Dzamam,Eastern,Upper Manya-Krobo,,
Otrokper,Eastern,Upper Manya-Krobo,,
Sekesua,Eastern,Upper Manya-Krobo,,
Abamkrom,Eastern,Upper West Akim,,
Adeiso,Eastern,Upper West Akim,,
Asikasu,Eastern,Upper West Akim,,
Asuokaw,Eastern,Upper West Akim,,
Mepom,Eastern,Upper West Akim,,
Nyanoa,Eastern,Upper West Akim,,
Odumkyere Darmang,Eastern,Upper West Akim,,
Okurase,Eastern,Upper West Akim,,
Akanteng,Eastern,Upper West Akim,,
Amanfrom,Eastern,Upper West Akim,,
Asamankese,Eastern,West Akim,,
Aworasa,Eastern,West Akim,,
Blue Diamond,Eastern,West Akim,,
Brekumanso,Eastern,West Akim,,
Ekoso Quashie,Eastern,West Akim,,
Osenase,Eastern,West Akim,,
Pabi,Eastern,West Akim,,
Sabong Zongo,Eastern,West Akim,,
Agogo (eastern),Eastern,Yilo-Krobo,,
Boti,Eastern,Yilo-Krobo,,
Bukunor,Eastern,Yilo-Krobo,,
Nkurakan,Eastern,Yilo-Krobo,,
Nsutapong,Eastern,Yilo-Krobo,,
Somanya,Eastern,Yilo-Krobo,,
Ablekuma,Greater Accra,Accra,,
Ashiedu Keteke,Greater Accra,Accra,,
Okai Koi,Greater Accra,Accra,,
Osu Klottey,Greater Accra,Accra,,
Ada,Greater Accra,Ada East,,
Kasseh,Greater Accra,Ada East,,
Pediatorkope,Greater Accra,Ada East,,
Gbentanaa,Greater Accra,Adentan,,
Koose,Greater Accra,Adentan,,
Nii Ashale,Greater Accra,Adentan,,
Sutsurunaa,Greater Accra,Adentan,,
Anyamam,Greater Accra,Ada West,,
Bornikope,Greater Accra,Ada West,,
Sege,Greater Accra,Ada West,,
Amui Jor,Greater Accra,Ashaiman,,
Blakpatsona,Greater Accra,Ashaiman,,
Gbemi,Greater Accra,Ashaiman,,
Maamomo,Greater Accra,Ashaiman,,
Mantseman,Greater Accra,Ashaiman,,
Niiman,Greater Accra,Ashaiman,,
Tsinai-agber,Greater Accra,Ashaiman,,
Ablekuma Sub-Municipal,Greater Accra,Ga Central,,
Anyaa Sub-Municipal,Greater Accra,Ga Central,,
Chantan Sub-Municipal,Greater Accra,Ga Central,,
Sowutuom Sub-Municipal,Greater Accra,Ga Central,,
Abokobi Sub-Municipal,Greater Accra,Ga East,,
Dome Sub Municipality,Greater Accra,Ga East,,
Haatso Sub-Muncipal,Greater Accra,Ga East,,
Taifa Sub Municipality,Greater Accra,Ga East,,
Amanfro Sub-Municipal,Greater Accra,Ga South,,
Bortianor Sub-Municipal,Greater Accra,Ga South,,
Kokrobite Sub-Municipal,Greater Accra,Ga South,,
Mallam Sub-Municipal,Greater Accra,Ga South,,
Obom Sub-Municipal ,Greater Accra,Ga South,,
Weija Sub-Municipal,Greater Accra,Ga South,,
Amasaman,Greater Accra,Ga West,,
Kotoku,Greater Accra,Ga West,,
Mayera,Greater Accra,Ga West,,
Oduman,Greater Accra,Ga West,,
Ofankor,Greater Accra,Ga West,,
Pokuase,Greater Accra,Ga West,,
Trobu,Greater Accra,Ga West,,
Appolonia,Greater Accra,Kpone-Katamanso,,
Kpone,Greater Accra,Kpone-Katamanso,,
Oyibi,Greater Accra,Kpone-Katamanso,,
Zenu,Greater Accra,Kpone-Katamanso,,
La North,Greater Accra,La-Dade-Kotopon,,
La South,Greater Accra,La-Dade-Kotopon,,
Tenashie,Greater Accra,La-Dade-Kotopon,,
Nungua Sub-district,Greater Accra,Ledzokuku-Krowor,,
Teshie North Sub-district,Greater Accra,Ledzokuku-Krowor,,
Teshie South Sub-district,Greater Accra,Ledzokuku-Krowor,,
Danfa Sub Municipality,Greater Accra,La-Nkwantanang-Madina,,
Nkwantanang Sub Municipality,Greater Accra,La-Nkwantanang-Madina,,
Pantang Sub-Municipal,Greater Accra,La-Nkwantanang-Madina,,
Social Welfare Sub Municipality,Greater Accra,La-Nkwantanang-Madina,,
Tatanaa Sub Municipality,Greater Accra,La-Nkwantanang-Madina,,
Afienya Mataheko sub-district,Greater Accra,Ningo-Prampram,,
Dawhenya Sub-district,Greater Accra,Ningo-Prampram,,
Lekpongunor sub-district,Greater Accra,Ningo-Prampram,,
Nyigbenya Dawa Sub-district,Greater Accra,Ningo-Prampram,,
Old Ningo Sub-district,Greater Accra,Ningo-Prampram,,
Prampram,Greater Accra,Ningo-Prampram,,
Dodowa,Greater Accra,Shai-Osudoku,,
Osudoku,Greater Accra,Shai-Osudoku,,
Tema Central,Greater Accra,Tema,,
Tema East,Greater Accra,Tema,,
Tema West,Greater Accra,Tema,,
Bamboi,Northern,Bole,,
Bole,Northern,Bole,,
Jama,Northern,Bole,,
Mandari,Northern,Bole,,
Mankuma,Northern,Bole,,
Tinga,Northern,Bole,,
Binde,Northern,Bunkpurugu-Yunyuo,,
Bunkpurugu,Northern,Bunkpurugu-Yunyuo,,
Nakpanduri,Northern,Bunkpurugu-Yunyuo,,
Nasuan,Northern,Bunkpurugu-Yunyuo,,
Yunyoo,Northern,Bunkpurugu-Yunyuo,,
Buipe,Northern,Central Gonja,,
Kusawgu,Northern,Central Gonja,,
Mpaha,Northern,Central Gonja,,
Tulwei,Northern,Central Gonja,,
Yala,Northern,Central Gonja,,
Yapei,Northern,Central Gonja,,
Bumburiga,Northern,Chereponi,,
Chereponi Subdistrict,Northern,Chereponi,,
Garinkuka,Northern,Chereponi,,
Wenchiki,Northern,Chereponi,,
Wonjuga,Northern,Chereponi,,
Banjai sub,Northern,East Gonja,,
Buma,Northern,East Gonja,,
Jantong Sub,Northern,East Gonja,,
Kpalbe,Northern,East Gonja,,
Salaga,Northern,East Gonja,,
Gambaga,Northern,East Mamprusi,,
Gbintiri,Northern,East Mamprusi,,
Langbensi,Northern,East Mamprusi,,
Nalerigu,Northern,East Mamprusi,,
Sakogu,Northern,East Mamprusi,,
Galwei,Northern,Gushiegu,,
Gushiegu,Northern,Gushiegu,,
Katani,Northern,Gushiegu,,
Kpatinga,Northern,Gushiegu,,
Nabuli,Northern,Gushiegu,,
Karaga,Northern,Karaga,,
Pishigu,Northern,Karaga,,
Sandua,Northern,Karaga,,
Zandua,Northern,Karaga,,
Kabonwule,Northern,Kpandai,,
Kitare,Northern,Kpandai,,
Kpandai,Northern,Kpandai,,
Kumdi,Northern,Kpandai,,
Sabonjida,Northern,Kpandai,,
Dalun,Northern,Kumbungu,,
Gbullung,Northern,Kumbungu,,
Gupanerigu,Northern,Kumbungu,,
Kumbungu,Northern,Kumbungu,,
Voggu,Northern,Kumbungu,,
Kubori,Northern,Mamprugu-Moagduri,,
Kunkwa,Northern,Mamprugu-Moagduri,,
Yagaba,Northern,Mamprugu-Moagduri,,
Yikpabongo,Northern,Mamprugu-Moagduri,,
Jimle,Northern,Mion,,
Kpabia,Northern,Mion,,
Kukpalgu,Northern,Mion,,
Sambu,Northern,Mion,,
Sang,Northern,Mion,,
Bimbilla,Northern,Nanumba North,,
Bincheratanga,Northern,Nanumba North,,
Chamba,Northern,Nanumba North,,
Lanja,Northern,Nanumba North,,
Makayili,Northern,Nanumba North,,
Egambo,Northern,Nanumba South,,
Lungni,Northern,Nanumba South,,
Napkpayili,Northern,Nanumba South,,
Pudua,Northern,Nanumba South,,
Wulensi,Northern,Nanumba South,,
Bawena,Northern,North Gonja,,
Daboya,Northern,North Gonja,,
Lingbinsi,Northern,North Gonja,,
Mankarigu,Northern,North Gonja,,
Gbangbanpong,Northern,Saboba,,
Kpalba,Northern,Saboba,,
Natagu,Northern,Saboba,,
Saboba,Northern,Saboba,,
Sambuli,Northern,Saboba,,
Wapuli,Northern,Saboba,,
Choggu,Northern,Sagnarigu,,
Garizegu,Northern,Sagnarigu,,
Kamina,Northern,Sagnarigu,,
Malshegu,Northern,Sagnarigu,,
Sagnarigu,Northern,Sagnarigu,,
Taha,Northern,Sagnarigu,,
Diare,Northern,Savelugu-Nanton,,
Moglaa,Northern,Savelugu-Nanton,,
Nanton,Northern,Savelugu-Nanton,,
Pong Tamale,Northern,Savelugu-Nanton,,
Savelugu,Northern,Savelugu-Nanton,,
Tampion,Northern,Savelugu-Nanton,,
Gbiniyiri,Northern,Sawla-Tuna-Kalba,,
Gindabuo,Northern,Sawla-Tuna-Kalba,,
Kalba,Northern,Sawla-Tuna-Kalba,,
Kulmasah,Northern,Sawla-Tuna-Kalba,,
Sawla,Northern,Sawla-Tuna-Kalba,,
Tuna,Northern,Sawla-Tuna-Kalba,,
Bilpeila,Northern,Tamale,,
Nyohini,Northern,Tamale,,
Tamale Central,Northern,Tamale,,
Vitting,Northern,Tamale,,
Kasuliyili,Northern,Tolon,,
Kpendua,Northern,Tolon,,
Lingbunga,Northern,Tolon,,
Nyankpala,Northern,Tolon,,
Tolon,Northern,Tolon,,
Wantugu,Northern,Tolon,,
Kandin,Northern,Tatale-Sangule,,
Kparbutabo,Northern,Tatale-Sangule,,
Nahuyili,Northern,Tatale-Sangule,,
Sangbaa,Northern,Tatale-Sangule,,
Sangule,Northern,Tatale-Sangule,,
Tatale,Northern,Tatale-Sangule,,
Busunu,Northern,West Gonja,,
Canteen,Northern,West Gonja,,
Damongo,Northern,West Gonja,,
Dass,Northern,West Gonja,,
Larabanga,Northern,West Gonja,,
Janga,Northern,West Mamprusi,,
Kpasenkpe,Northern,West Mamprusi,,
Walewale,Northern,West Mamprusi,,
Wulugu,Northern,West Mamprusi,,
Adibo,Northern,Yendi,,
Ngani,Northern,Yendi,,
Yendi Central,Northern,Yendi,,
Yendi East,Northern,Yendi,,
Yendi West,Northern,Yendi,,
Gortanei,Northern,Zabzugu,,
Kukpaligu,Northern,Zabzugu,,
Nakpale,Northern,Zabzugu,,
Sabare,Northern,Zabzugu,,
Zabzugu,Northern,Zabzugu,,
Barbari/Bador,Upper East,Bawku,,
Kuka East,Upper East,Bawku,,
Kuka West,Upper East,Bawku,,
Mognori,Upper East,Bawku,,
North Natinga,Upper East,Bawku,,
South Natinga,Upper East,Bawku,,
Urban West,Upper East,Bawku,,
Aniisi,Upper East,Binduri,,
Aluba,Upper East,Binduri,,
Bazua,Upper East,Binduri,,
Binduri,Upper East,Binduri,,
Manga,Upper East,Binduri,,
Zawse,Upper East,Binduri,,
Binaba,Upper East,Bawku West,,
Boya,Upper East,Bawku West,,
Sapelliga Googo,Upper East,Bawku West,,
Tanga,Upper East,Bawku West,,
Tilli Widnaba,Upper East,Bawku West,,
Zebilla North,Upper East,Bawku West,,
Zebilla South,Upper East,Bawku West,,
Zongoire,Upper East,Bawku West,,
Bolga Central,Upper East,Bolgatanga,,
Bolga North,Upper East,Bolgatanga,,
Bolga South,Upper East,Bolgatanga,,
Gambibgo,Upper East,Bolgatanga,,
Plaza,Upper East,Bolgatanga,,
Sumbrungu,Upper East,Bolgatanga,,
Zuarungu,Upper East,Bolgatanga,,
Zuarungu-Moshie,Upper East,Bolgatanga,,
Bongo Beo,Upper East,Bongo,,
Bongo Central,Upper East,Bongo,,
Bongo Soe,Upper East,Bongo,,
Namoo,Upper East,Bongo,,
Valley Zone,Upper East,Bongo,,
Zorko,Upper East,Bongo,,
Chuchuliga,Upper East,Builsa North,,
Kadema,Upper East,Builsa North,,
Sandema East,Upper East,Builsa North,,
Sandema West,Upper East,Builsa North,,
Siniensi,Upper East,Builsa North,,
Wiaga,Upper East,Builsa North,,
Doninga,Upper East,Builsa South,,
Fumbisi,Upper East,Builsa South,,
Gbedema,Upper East,Builsa South,,
Kanjarga,Upper East,Builsa South,,
Uwasi,Upper East,Builsa South,,
Wiesi,Upper East,Builsa South,,
Basyonde,Upper East,Garu-Tempane,,
Bugri,Upper East,Garu-Tempane,,
Denugu,Upper East,Garu-Tempane,,
Garu,Upper East,Garu-Tempane,,
Kpikpira,Upper East,Garu-Tempane,,
Songo,Upper East,Garu-Tempane,,
Tempane,Upper East,Garu-Tempane,,
Worikambo,Upper East,Garu-Tempane,,
Woriyanga,Upper East,Garu-Tempane,,
Kologo,Upper East,Kassena-Nankana,,
Manyoro,Upper East,Kassena-Nankana,,
Navrongo Central,Upper East,Kassena-Nankana,,
Navrongo East,Upper East,Kassena-Nankana,,
Pungu,Upper East,Kassena-Nankana,,
Vunania/Kapania,Upper East,Kassena-Nankana,,
Wuru,Upper East,Kassena-Nankana,,
Chiana,Upper East,Kassena-Nankana West,,
Kandiga,Upper East,Kassena-Nankana West,,
Katiu Nankong,Upper East,Kassena-Nankana West,,
Kayoro,Upper East,Kassena-Nankana West,,
Mirigu Nabango,Upper East,Kassena-Nankana West,,
Nakolo,Upper East,Kassena-Nankana West,,
Navio,Upper East,Kassena-Nankana West,,
Paga Central,Upper East,Kassena-Nankana West,,
Sirigu Busongo,Upper East,Kassena-Nankana West,,
Nangodi,Upper East,Nabdam,,
Pelungu,Upper East,Nabdam,,
Pitanga/Kongo,Upper East,Nabdam,,
Sakote,Upper East,Nabdam,,
Zanlerigu,Upper East,Nabdam,,
Kulungugu/Kultamsi,Upper East,Pusiga,,
Nakom Zuabuliga,Upper East,Pusiga,,
Pusiga,Upper East,Pusiga,,
Sarabogo,Upper East,Pusiga,,
Widana,Upper East,Pusiga,,
Datoku,Upper East,Talensi,,
Duusi/Gbani,Upper East,Talensi,,
Gorogo,Upper East,Talensi,,
Namolgo/Kpatia,Upper East,Talensi,,
Pwalugu,Upper East,Talensi,,
Tolla/Nungu,Upper East,Talensi,,
Tongo,Upper East,Talensi,,
Winkongo,Upper East,Talensi,,
Bussie,Upper West,Daffiama-Bussie-Issa,,
Daffiama,Upper West,Daffiama-Bussie-Issa,,
Fian,Upper West,Daffiama-Bussie-Issa,,
Issa,Upper West,Daffiama-Bussie-Issa,,
Kojokperi,Upper West,Daffiama-Bussie-Issa,,
Duori,Upper West,Jirapa,,
Hain,Upper West,Jirapa,,
Jirapa,Upper West,Jirapa,,
Sabuli,Upper West,Jirapa,,
Tizza,Upper West,Jirapa,,
Tuggo,Upper West,Jirapa,,
Ullo,Upper West,Jirapa,,
Yagha,Upper West,Jirapa,,
Billaw,Upper West,Lambussie-Karni,,
Hamile,Upper West,Lambussie-Karni,,
Karne,Upper West,Lambussie-Karni,,
Lambussie,Upper West,Lambussie-Karni,,
Piina,Upper West,Lambussie-Karni,,
Samoa,Upper West,Lambussie-Karni,,
Babile,Upper West,Lawra,,
Dowine,Upper West,Lawra,,
Eremon,Upper West,Lawra,,
Lawra,Upper West,Lawra,,
Zambo,Upper West,Lawra,,
Baseble,Upper West,Nandom,,
Gengenkpe,Upper West,Nandom,,
Ko,Upper West,Nandom,,
Nandom,Upper West,Nandom,,
Puffien,Upper West,Nandom,,
Charikpong,Upper West,Nadowli-Kaleo,,
Dapuori,Upper West,Nadowli-Kaleo,,
Jang,Upper West,Nadowli-Kaleo,,
Kaleo,Upper West,Nadowli-Kaleo,,
Nadowli,Upper West,Nadowli-Kaleo,,
Nanvilli,Upper West,Nadowli-Kaleo,,
Sombo,Upper West,Nadowli-Kaleo,,
Takpo,Upper West,Nadowli-Kaleo,,
Kulfuo,Upper West,Sissala East,,
Kunchogu,Upper West,Sissala East,,
Nabugubelle,Upper West,Sissala East,,
Nabulo,Upper West,Sissala East,,
Sakai,Upper West,Sissala East,,
Tumu,Upper West,Sissala East,,
Wallembelle,Upper West,Sissala East,,
Fielmuo,Upper West,Sissala West,,
Gwollu,Upper West,Sissala West,,
Jawia,Upper West,Sissala West,,
Jeffisi,Upper West,Sissala West,,
Zini,Upper West,Sissala West,,
Baayiri,Upper West,Wa East,,
Bulenga,Upper West,Wa East,,
Funsi,Upper West,Wa East,,
Holomuni,Upper West,Wa East,,
Kundungu,Upper West,Wa East,,
Loggu,Upper West,Wa East,,
Yaala,Upper West,Wa East,,
Bamahu,Upper West,Wa,,
Busa,Upper West,Wa,,
Charia,Upper West,Wa,,
Charingu,Upper West,Wa,,
Kambali,Upper West,Wa,,
Wa Central,Upper West,Wa,,
Dorimon,Upper West,Wa West,,
Eggu,Upper West,Wa West,,
Gurungu,Upper West,Wa West,,
Lassia Tuolu,Upper West,Wa West,,
Poyentanga,Upper West,Wa West,,
Wechiau,Upper West,Wa West,,
Ahunda,Volta,Adaklu-Anyigbe,,
Helekpe,Volta,Adaklu-Anyigbe,,
Sopa-Torda,Volta,Adaklu-Anyigbe,,
Waya,Volta,Adaklu-Anyigbe,,
Have,Volta,Afadjato,,
Leklebi,Volta,Afadjato,,
Liati,Volta,Afadjato,,
Logba Tafi,Volta,Afadjato,,
Ve,Volta,Afadjato,,
Weto,Volta,Afadjato,,
Afegame,Volta,Agotime-Ziope,,
Keyime,Volta,Agotime-Ziope,,
Kpetoe,Volta,Agotime-Ziope,,
Sarakope,Volta,Agotime-Ziope,,
Ziope,Volta,Agotime-Ziope,,
Agormor,Volta,Akatsi North,,
Ave - Dakpa,Volta,Akatsi North,,
Ave Afiadenyigbe,Volta,Akatsi North,,
Ave Dzalele,Volta,Akatsi North,,
Avenu,Volta,Akatsi North,,
Akatsi,Volta,Akatsi South,,
Avenorpedo,Volta,Akatsi South,,
Gefia,Volta,Akatsi South,,
Wute,Volta,Akatsi South,,
Bowiri,Volta,Biakoye,,
Kwamikrom Abotoase,Volta,Biakoye,,
Nkonya,Volta,Biakoye,,
Worawora Apesokubi,Volta,Biakoye,,
Adidome,Volta,Central Tongu,,
Kpogadzi,Volta,Central Tongu,,
Kpoviadzi Avedo,Volta,Central Tongu,,
Mafi Sesekpe,Volta,Central Tongu,,
Mafi-Kumase,Volta,Central Tongu,,
Agumatsa,Volta,Hohoe,,
Akpafu,Volta,Hohoe,,
Alavanyo,Volta,Hohoe,,
Gbi Rural,Volta,Hohoe,,
Hohoe,Volta,Hohoe,,
Likpe,Volta,Hohoe,,
Lolobi,Volta,Hohoe,,
Dutasor,Volta,Ho,,
Ho Central,Volta,Ho,,
Hokpeta,Volta,Ho,,
Norvisi,Volta,Ho,,
Sokode,Volta,Ho,,
Abutia,Volta,Ho West,,
Avatime,Volta,Ho West,,
Kpedze,Volta,Ho West,,
Tsito,Volta,Ho West,,
Weto-Hedzefe,Volta,Ho West,,
Yingor,Volta,Ho West,,
Baika Ayoma,Volta,Jasikan,,
Bodada,Volta,Jasikan,,
Jasikan,Volta,Jasikan,,
Kute,Volta,Jasikan,,
Nsuta,Volta,Jasikan,,
Ahamansu,Volta,Kadjebi,,
Dodi,Volta,Kadjebi,,
Dodo,Volta,Kadjebi,,
Kadjebi-asato,Volta,Kadjebi,,
Pampawie,Volta,Kadjebi,,
Afife,Volta,Ketu North,,
Dzodze,Volta,Ketu North,,
Penyi,Volta,Ketu North,,
Weta,Volta,Ketu North,,
Aflao East,Volta,Ketu South,,
Aflao West,Volta,Ketu South,,
Aflao Wego,Volta,Ketu South,,
Klikor,Volta,Ketu South,,
Some Fugo,Volta,Ketu South,,
Some Wego,Volta,Ketu South,,
Anloga,Volta,Keta,,
Anyako,Volta,Keta,,
Anyanui,Volta,Keta,,
Keta,Volta,Keta,,
Shime,Volta,Keta,,
Tegbi,Volta,Keta,,
Agbenorxoe,Volta,Kpando,,
Gbefi-Gadza,Volta,Kpando,,
Kpando,Volta,Kpando,,
Sovie-Kudzra,Volta,Kpando,,
Torkor,Volta,Kpando,,
Dormabin,Volta,Krachi East,,
Island (Krachi East),Volta,Krachi East,,
Katanga Asukawkaw,Volta,Krachi East,,
Kparekpare,Volta,Krachi East,,
Oti - West,Volta,Krachi East,,
Oti - East,Volta,Krachi East,,
Tokuroanu,Volta,Krachi East,,
Banda,Volta,Krachi-Nchumuru,,
Borae,Volta,Krachi-Nchumuru,,
Chinderi,Volta,Krachi-Nchumuru,,
Grubi,Volta,Krachi-Nchumuru,,
Denteh,Volta,Krachi West,,
Ehiamankyene,Volta,Krachi West,,
Island (Krachi West),Volta,Krachi West,,
Osramanae,Volta,Krachi West,,
Anfoega,Volta,North Dayi,,
Aveme,Volta,North Dayi,,
Awate,Volta,North Dayi,,
Botoku,Volta,North Dayi,,
Vakpo,Volta,North Dayi,,
Damanko,Volta,Nkwanta North,,
Kpassa,Volta,Nkwanta North,,
Sibi,Volta,Nkwanta North,,
Tinjase,Volta,Nkwanta North,,
Bonakye,Volta,Nkwanta South,,
Brewaniase,Volta,Nkwanta South,,
Nkwanta (Volta),Volta,Nkwanta South,,
Tutukpene,Volta,Nkwanta South,,
Battor,Volta,North Tongu,,
Dorfor-adidome-volo,Volta,North Tongu,,
Fodzoku-torgorme,Volta,North Tongu,,
Juapong-podoe,Volta,North Tongu,,
Duga,Volta,South Dayi,,
Dzake,Volta,South Dayi,,
Kpeve Adzokoe,Volta,South Dayi,,
Peki,Volta,South Dayi,,
Tongor,Volta,South Dayi,,
Agorta-Gamenu,Volta,South Tongu,,
Dabala-Adutor,Volta,South Tongu,,
Dordoekope,Volta,South Tongu,,
Dorkploame,Volta,South Tongu,,
Sogakope,Volta,South Tongu,,
Sotewu,Volta,South Tongu,,
AFRANSIE,Western,Wassa-Amenfi East,,
Akropong (WAE),Western,Wassa-Amenfi East,,
Bawdie,Western,Wassa-Amenfi East,,
Dawurampong,Western,Wassa-Amenfi East,,
Mampong (WAE),Western,Wassa-Amenfi East,,
Nananko,Western,Wassa-Amenfi East,,
Oppon Valley,Western,Wassa-Amenfi East,,
Saa,Western,Wassa-Amenfi East,,
Asankran Breman,Western,Wassa-Amenfi West,,
Asankran-Saa,Western,Wassa-Amenfi West,,
Asankrangwa,Western,Wassa-Amenfi West,,
Attobrakrom,Western,Wassa-Amenfi West,,
Bisaaso,Western,Wassa-Amenfi West,,
Gravel Yard,Western,Wassa-Amenfi West,,
Samreboi,Western,Wassa-Amenfi West,,
Wassa Dunkwa,Western,Wassa-Amenfi West,,
Agona,Western,Ahanta West,,
Apowa,Western,Ahanta West,,
Princess,Western,Ahanta West,,
Achimfo (Enchi),Western,Aowin,,
Adjuom,Western,Aowin,,
Akontombra Nkwanta,Western,Aowin,,
Aquai Allah,Western,Aowin,,
Boinso,Western,Aowin,,
Enchi,Western,Aowin,,
New Gyasikrom,Western,Aowin,,
Sewum,Western,Aowin,,
Yiwabra,Western,Aowin,,
Anhwiaso (western),Western,Bibiani-Anhwiaso-Bekwai,,
Awaso,Western,Bibiani-Anhwiaso-Bekwai,,
Bekwai (western),Western,Bibiani-Anhwiaso-Bekwai,,
Bibiani,Western,Bibiani-Anhwiaso-Bekwai,,
Chirano,Western,Bibiani-Anhwiaso-Bekwai,,
Adabokrom,Western,Bia East,,
Asemnyinakrom,Western,Bia East,,
Kaase,Western,Bia East,,
Akaatiso,Western,Bia West,,
Essam,Western,Bia West,,
Kwesi Nkrumah,Western,Bia West,,
Mempeasem,Western,Bia West,,
Oseikojokrom,Western,Bia West,,
Papaase,Western,Bia West,,
Yawmatwa,Western,Bia West,,
Amoaya,Western,Bodi,,
Bodi,Western,Bodi,,
Suiano,Western,Bodi,,
Aiyinase,Western,Ellembelle,,
Eikwe,Western,Ellembelle,,
Esiama,Western,Ellembelle,,
New Aiyinase,Western,Ellembelle,,
Nkroful,Western,Ellembelle,,
Beyin,Western,Jomoro,,
Elubo,Western,Jomoro,,
Half Assini,Western,Jomoro,,
Tikobo,Western,Jomoro,,
Asempaneye,Western,Juabeso,,
Bonsu Nkwanta,Western,Juabeso,,
Jato Africa,Western,Juabeso,,
Juaboso,Western,Juabeso,,
Adansi,Western,Mpohor,,
Adum Banso,Western,Mpohor,,
Manso,Western,Mpohor,,
Mpohor,Western,Mpohor,,
Axim-nsein,Western,Nzema East,,
Bamiankor,Western,Nzema East,,
Gwira Banso,Western,Nzema East,,
Gwira Eshiem,Western,Nzema East,,
Kutukrom,Western,Nzema East,,
Aboso,Western,Prestea-Huni Valley,,
Awudua,Western,Prestea-Huni Valley,,
Bogoso,Western,Prestea-Huni Valley,,
Himan,Western,Prestea-Huni Valley,,
Huni Valley,Western,Prestea-Huni Valley,,
Insusiding,Western,Prestea-Huni Valley,,
Prestea,Western,Prestea-Huni Valley,,
Akontombra,Western,Sefwi-Akontombra,,
Asantekrom,Western,Sefwi-Akontombra,,
Bawakrom,Western,Sefwi-Akontombra,,
Kramokrom,Western,Sefwi-Akontombra,,
Nsawora,Western,Sefwi-Akontombra,,
Essikado,Western,Sekondi-Takoradi,,
Kwesimintim,Western,Sekondi-Takoradi,,
Sekondi,Western,Sekondi-Takoradi,,
Takoradi,Western,Sekondi-Takoradi,,
Abrabra,Western,Sefwi-Wiawso,,
Anyinabrim (western),Western,Sefwi-Wiawso,,
Asafo (western),Western,Sefwi-Wiawso,,
Asawinso,Western,Sefwi-Wiawso,,
Datano,Western,Sefwi-Wiawso,,
Paboase,Western,Sefwi-Wiawso,,
Wiawso,Western,Sefwi-Wiawso,,
Aboadze Abuesi,Western,Shama,,
Graveldo,Western,Shama,,
Shama,Western,Shama,,
Supomu Dunkwa,Western,Shama,,
Akoskrom,Western,Suaman,,
Dadieso,Western,Suaman,,
Karlo,Western,Suaman,,
Kwasuo,Western,Suaman,,
Benso,Western,Tarkwa-Nsuaem,,
Dompim,Western,Tarkwa-Nsuaem,,
Essuoso,Western,Tarkwa-Nsuaem,,
Iduapriem,Western,Tarkwa-Nsuaem,,
New Atuabo,Western,Tarkwa-Nsuaem,,
Nsuaem (western),Western,Tarkwa-Nsuaem,,
Nsuta (western),Western,Tarkwa-Nsuaem,,
Simpa,Western,Tarkwa-Nsuaem,,
Tarkwa,Western,Tarkwa-Nsuaem,,
Adjakaa Manso,Western,Wassa-Amenfi Central,,
Agona Amenfi,Western,Wassa-Amenfi Central,,
Anakum,Western,Wassa-Amenfi Central,,
Anyinabrim,Western,Wassa-Amenfi Central,,
Bonsie,Western,Wassa-Amenfi Central,,
Manso Amenfi,Western,Wassa-Amenfi Central,,
Ateiku,Western,Wassa East,,
Atobiase,Western,Wassa East,,
Daboase,Western,Wassa East,,
Sekyere Krobo,Western,Wassa East,,
