name,epidCode,growthRate,region,archived,externalID
Ahafo-Ano North,AAN,2.7,Ashanti,,
Ahafo-Ano South,AAS,2.7,Ashanti,,
Adansi North,ADN,2.7,Ashanti,,
Adansi South,ADS,2.7,Ashanti,,
Afigya-Kwabre,AFK,2.7,Ashanti,,
Asokore-Mampong,AMA,2.7,Ashanti,,
Amansie Central,AMC,2.7,Ashanti,,
Amansie West,AMW,2.7,Ashanti,,
Asante-Akim Central,ASC,2.7,Ashanti,,
Asante-Mampong,ASM,2.7,Ashanti,,
Asante-Akim North,ASN,2.7,Ashanti,,
Asante-Akim South,ASS,2.7,Ashanti,,
Atwima-Kwanwoma,ATK,2.7,Ashanti,,
Atwima-Mponua,ATM,2.7,Ashanti,,
Atwima-Wabiagya,ATN,2.7,Ashanti,,
Bekwai,BEK,2.7,Ashanti,,
Bosome-Freho,BOF,2.7,Ashanti,,
Bosomtwe,BOS,2.7,Ashanti,,
Ejisu-Juaben,EJJ,2.7,Ashanti,,
Ejura-Sekyedumasi,EJS,2.7,Ashanti,,
Kumasi,KUM,2.7,Ashanti,,
Kwabre East,KWB,2.7,Ashanti,,
Obuasi,OBU,2.7,Ashanti,,
Offinso,OFF,2.7,Ashanti,,
Offinso North,OFN,2.7,Ashanti,,
Sekyere-Afram Plains,SAP,2.7,Ashanti,,
Sekyere Central,SEC,2.7,Ashanti,,
Sekyere East,SEE,2.7,Ashanti,,
Sekyere South,SES,2.7,Ashanti,,
Sekyere-Kumawu,SKK,2.7,Ashanti,,
Asutifi North,AFN,2.3,Brong Ahafo,,
Asutifi South,AFS,2.3,Brong Ahafo,,
Atebubu-Amanten,ATA,2.3,Brong Ahafo,,
Asunafo North,AUN,2.3,Brong Ahafo,,
Asunafo South,AUS,2.3,Brong Ahafo,,
Banda,BAN,2.3,Brong Ahafo,,
Berekum,BER,2.3,Brong Ahafo,,
Dormaa Central,DOC,2.3,Brong Ahafo,,
Dormaa East,DOE,2.3,Brong Ahafo,,
Dormaa West,DOW,2.3,Brong Ahafo,,
Jaman North,JNO,2.3,Brong Ahafo,,
Jaman South,JSO,2.3,Brong Ahafo,,
Kintampo North,KIN,2.3,Brong Ahafo,,
Kintampo South,KIS,2.3,Brong Ahafo,,
Nkoranza North,NKN,2.3,Brong Ahafo,,
Nkoranza South,NKS,2.3,Brong Ahafo,,
Pru,PRU,2.3,Brong Ahafo,,
Sene East,SNE,2.3,Brong Ahafo,,
Sene West,SNW,2.3,Brong Ahafo,,
Sunyani,SUN,2.3,Brong Ahafo,,
Sunyani West,SUW,2.3,Brong Ahafo,,
Tain,TAI,2.3,Brong Ahafo,,
Tano North,TAN,2.3,Brong Ahafo,,
Tano South,TAS,2.3,Brong Ahafo,,
Techiman,TEC,2.3,Brong Ahafo,,
Techiman North,TEN,2.3,Brong Ahafo,,
Wenchi,WEN,2.3,Brong Ahafo,,
Abura-Asebu-Kwamankese,AAK,3.1,Central,,
Ajumako-Enyan-Essiam,AEE,,Central,,
Agona East,AGE,3.1,Central,,
Agona West,AGW,3.1,Central,,
Assin Fosu,AF,3.1,Central,,
Assin North,AIN,3.1,Central,,
Assin South,AIS,3.1,Central,,
Asikuma-Odoben-Brakwa,AOB,3.1,Central,,
Awutu-Senya East,ASE,3.1,Central,,
Awutu-Senya West,ASW,3.1,Central,,
Cape Coast,CAC,3.1,Central,,
Efutu,EFU,3.1,Central,,
Ekumfi,EKU,3.1,Central,,
Gomoa East,GOE,3.1,Central,,
Gomoa West,GOW,3.1,Central,,
Komenda-Edina-Eguafo-Abirem,KEA,3.1,Central,,
Mfantsiman,MFA,3.1,Central,,
Twifu-Hemang Lower Denkyira,THL,3.1,Central,,
Twifu-Ati-Mokwa,TWM,3.1,Central,,
Upper Denkyira East,UDE,3.1,Central,,
Upper Denkyira West,UDW,3.1,Central,,
Akyemansa,AKM,2.1,Eastern,,
Akwapim North,AKN,2.1,Eastern,,
Akwapim South,AKS,2.1,Eastern,,
Afram Plains North,APN,2.1,Eastern,,
Afram Plains South,APS,,Eastern,,
Asuogyaman,ASG,2.1,Eastern,,
Atiwa,ATI,2.1,Eastern,,
Ayensuano,AYE,2.1,Eastern,,
Birim Central,BIC,2.1,Eastern,,
Birim North,BIN,2.1,Eastern,,
Birim South,BIS,2.1,Eastern,,
Denkyembour,DKB,2.1,Eastern,,
East Akim,EAK,2.1,Eastern,,
Fanteakwa,FAN,2.1,Eastern,,
Kwaebibirem,KBR,2.1,Eastern,,
Kwahu East,KWE,2.1,Eastern,,
Kwahu North,KWN,2.1,Eastern,,
Kwahu South,KWS,2.1,Eastern,,
Kwahu West,KWW,2.1,Eastern,,
Lower Manya-Krobo,LMK,2.1,Eastern,,
New Juaben,NEJ,2.1,Eastern,,
Nsawam-Adoagyiri,NSA,2.1,Eastern,,
Suhum,SUH,2.1,Eastern,,
Upper Manya-Krobo,UMK,2.1,Eastern,,
Upper West Akim,UWA,2.1,Eastern,,
West Akim,WAK,2.1,Eastern,,
Yilo-Krobo,YIK,2.1,Eastern,,
Accra,ACC,3.1,Greater Accra,,
Ada East,ADE,3.1,Greater Accra,,
Adentan,ADT,3.1,Greater Accra,,
Ada West,ADW,3.1,Greater Accra,,
Ashaiman,ASH,3.1,Greater Accra,,
Ga Central,GAC,3.1,Greater Accra,,
Ga East,GAE,3.1,Greater Accra,,
Ga South,GAS,3.1,Greater Accra,,
Ga West,GAW,3.1,Greater Accra,,
Kpone-Katamanso,KPK,3.1,Greater Accra,,
La-Dade-Kotopon,LDK,3.1,Greater Accra,,
Ledzokuku-Krowor,LEK,3.1,Greater Accra,,
La-Nkwantanang-Madina,LNM,3.1,Greater Accra,,
Ningo-Prampram,NIP,3.1,Greater Accra,,
Shai-Osudoku,SHO,3.1,Greater Accra,,
Tema,TEM,3.1,Greater Accra,,
Bole,BOL,2.9,Northern,,
Bunkpurugu-Yunyuo,BUY,2.9,Northern,,
Central Gonja,CGO,2.9,Northern,,
Chereponi,CHE,2.9,Northern,,
East Gonja,EGO,2.9,Northern,,
East Mamprusi,EMA,2.9,Northern,,
Gushiegu,GUS,2.9,Northern,,
Karaga,KAR,2.9,Northern,,
Kpandai,KPD,2.9,Northern,,
Kumbungu,KUB,2.9,Northern,,
Mamprugu-Moagduri,MAM,2.9,Northern,,
Mion,MIO,2.9,Northern,,
Nanumba North,NAN,2.9,Northern,,
Nanumba South,NAS,2.9,Northern,,
North Gonja,NGO,2.9,Northern,,
Saboba,SAB,2.9,Northern,,
Sagnarigu,SAG,2.9,Northern,,
Savelugu-Nanton,SAN,2.9,Northern,,
Sawla-Tuna-Kalba,STK,2.9,Northern,,
Tamale,TAM,2.9,Northern,,
Tolon,TOL,2.9,Northern,,
Tatale-Sangule,TTS,2.9,Northern,,
West Gonja,WGO,2.9,Northern,,
West Mamprusi,WMA,2.9,Northern,,
Yendi,YEN,2.9,Northern,,
Zabzugu,ZAB,2.9,Northern,,
Bawku,BAW,1.2,Upper East,,
Binduri,BID,1.2,Upper East,,
Bawku West,BKW,1.2,Upper East,,
Bolgatanga,BOG,1.2,Upper East,,
Bongo,BON,1.2,Upper East,,
Builsa North,BUI,1.2,Upper East,,
Builsa South,BUS,1.2,Upper East,,
Garu-Tempane,GAT,1.2,Upper East,,
Kassena-Nankana,KND,1.2,Upper East,,
Kassena-Nankana West,KNW,1.2,Upper East,,
Nabdam,NAB,1.2,Upper East,,
Pusiga,PUS,1.2,Upper East,,
Talensi,TAL,1.2,Upper East,,
Daffiama-Bussie-Issa,DBI,1.9,Upper West,,
Jirapa,JIR,1.9,Upper West,,
Lambussie-Karni,LAM,1.9,Upper West,,
Lawra,LAW,1.9,Upper West,,
Nandom,NAD,1.9,Upper West,,
Nadowli-Kaleo,NAK,1.9,Upper West,,
Sissala East,SIE,1.9,Upper West,,
Sissala West,SIW,1.9,Upper West,,
Wa East,WAE,1.9,Upper West,,
Wa,WAU,1.9,Upper West,,
Wa West,WAW,1.9,Upper West,,
Adaklu-Anyigbe,ADA,2.5,Volta,,
Afadjato,AFA,2.5,Volta,,
Agotime-Ziope,AGZ,2.5,Volta,,
Akatsi North,ANO,2.5,Volta,,
Akatsi South,ASO,2.5,Volta,,
Biakoye,BIK,2.5,Volta,,
Central Tongu,CTO,2.5,Volta,,
Hohoe,HOH,2.5,Volta,,
Ho,HOV,2.5,Volta,,
Ho West,HOW,2.5,Volta,,
Jasikan,JAS,2.5,Volta,,
Kadjebi,KAD,2.5,Volta,,
Ketu North,KEN,2.5,Volta,,
Ketu South,KES,2.5,Volta,,
Keta,KET,2.5,Volta,,
Kpando,KPO,2.5,Volta,,
Krachi East,KRE,2.5,Volta,,
Krachi-Nchumuru,KRN,2.5,Volta,,
Krachi West,KRW,2.5,Volta,,
North Dayi,NDA,2.5,Volta,,
Nkwanta North,NKO,2.5,Volta,,
Nkwanta South,NKW,2.5,Volta,,
North Tongu,NTO,2.5,Volta,,
South Dayi,SDA,2.5,Volta,,
South Tongu,STO,2.5,Volta,,
Wassa-Amenfi East,AFE,2,Western,,
Wassa-Amenfi West,AFW,2,Western,,
Ahanta West,AHW,2,Western,,
Aowin,AOW,2,Western,,
Bibiani-Anhwiaso-Bekwai,BAB,2,Western,,
Bia East,BIE,2,Western,,
Bia West,BIW,2,Western,,
Bodi,BOD,2,Western,,
Ellembelle,ELL,2,Western,,
Jomoro,JOM,2,Western,,
Juabeso,JUA,2,Western,,
Mpohor,MPO,2,Western,,
Nzema East,NZE,2,Western,,
Prestea-Huni Valley,PHV,2,Western,,
Sefwi-Akontombra,SEA,2,Western,,
Sekondi-Takoradi,SET,2,Western,,
Sefwi-Wiawso,SEW,2,Western,,
Shama,SHA,2,Western,,
Suaman,SUA,2,Western,,
Tarkwa-Nsuaem,TNS,2,Western,,
Wassa-Amenfi Central,WAC,2,Western,,
Wassa East,WSE,2,Western,,
