name,region,district,community,city,latitude,longitude,type,publicOwnership,archived,externalID
Adom (wassa Amenfi East) Clinic,Western,Wassa-Amenfi East,AFRANSIE,,,,,,,
Afransie Health Centre,Western,Wassa-Amenfi East,AFRANSIE,,,,,,,
Aserewadi CHPS,Western,Wassa-Amenfi East,AFRANSIE,,,,,,,
Asuogya Krobo CHPS,Western,Wassa-Amenfi East,AFRANSIE,,,,,,,
Beposo CHPS,Western,Wassa-Amenfi East,AFRANSIE,,,,,,,
Dikoto Nsuaem CHPS,Western,Wassa-Amenfi East,AFRANSIE,,,,,,,
Dokoto Junction CHPS,Western,Wassa-Amenfi East,AFRANSIE,,,,,,,
Gyedua CHPS,Western,Wassa-Amenfi East,AFRANSIE,,,,,,,
Jukwa Heman CHPS,Western,Wassa-Amenfi East,AFRANSIE,,,,,,,
Tieku CHPS,Western,Wassa-Amenfi East,AFRANSIE,,,,,,,
Wantram CHPS,Western,Wassa-Amenfi East,AFRANSIE,,,,,,,
Wassa Dikoto CHPS,Western,Wassa-Amenfi East,AFRANSIE,,,,,,,
Abesewa Gyamang CHPS,Western,Wassa-Amenfi East,Akropong (WAE),,,,,,,
Adanse CHPS,Western,Wassa-Amenfi East,Akropong (WAE),,,,,,,
Adesu CHPS,Western,Wassa-Amenfi East,Akropong (WAE),,,,,,,
Amenss Infirmary,Western,Wassa-Amenfi East,Akropong (WAE),,,,,,,
Dadieso CHPS,Western,Wassa-Amenfi East,Akropong (WAE),,,,,,,
Domeabra CHPS,Western,Wassa-Amenfi East,Akropong (WAE),,,,,,,
Dompoase CHPS,Western,Wassa-Amenfi East,Akropong (WAE),,,,,,,
Grumisa CHPS,Western,Wassa-Amenfi East,Akropong (WAE),,,,,,,
Holy Angels Clinic,Western,Wassa-Amenfi East,Akropong (WAE),,,,,,,
Japa CHPS,Western,Wassa-Amenfi East,Akropong (WAE),,,,,,,
Moseaso CHPS,Western,Wassa-Amenfi East,Akropong (WAE),,,,,,,
Saamang CHPS,Western,Wassa-Amenfi East,Akropong (WAE),,,,,,,
St George Maternity,Western,Wassa-Amenfi East,Akropong (WAE),,,,,,,
St. Mark Hospital,Western,Wassa-Amenfi East,Akropong (WAE),,,,,,,
Wassa Akropong Govt Hospital,Western,Wassa-Amenfi East,Akropong (WAE),,,,,,,
Abotareye CHPS,Western,Wassa-Amenfi East,Bawdie,,,,,,,
Asikuma CHPS (WAE),Western,Wassa-Amenfi East,Bawdie,,,,,,,
Asundua CHPS,Western,Wassa-Amenfi East,Bawdie,,,,,,,
Bawdie CHPS,Western,Wassa-Amenfi East,Bawdie,,,,,,,
El-shiva Clinic,Western,Wassa-Amenfi East,Bawdie,,,,,,,
Appiah Nkwanta CHPS,Western,Wassa-Amenfi East,Dawurampong,,,,,,,
Brepro CHPS,Western,Wassa-Amenfi East,Dawurampong,,,,,,,
Dawurampong CHPS,Western,Wassa-Amenfi East,Dawurampong,,,,,,,
Mansiso CHPS,Western,Wassa-Amenfi East,Dawurampong,,,,,,,
Suhyenso CHPS,Western,Wassa-Amenfi East,Dawurampong,,,,,,,
Adjumako CHPS,Western,Wassa-Amenfi East,Mampong (WAE),,,,,,,
Assesensu CHPS,Western,Wassa-Amenfi East,Mampong (WAE),,,,,,,
Mampong (WAE) Health Centre,Western,Wassa-Amenfi East,Mampong (WAE),,,,,,,
Djorboah CHPS,Western,Wassa-Amenfi East,Nananko,,,,,,,
Marfo CHPS,Western,Wassa-Amenfi East,Nananko,,,,,,,
Nananko CHPS,Western,Wassa-Amenfi East,Nananko,,,,,,,
New Somanya CHPS,Western,Wassa-Amenfi East,Nananko,,,,,,,
Nkonya CHPS,Western,Wassa-Amenfi East,Nananko,,,,,,,
Nsuaem (WAE) No 2 CHPS,Western,Wassa-Amenfi East,Nananko,,,,,,,
Darmang (WAE) CHPS,Western,Wassa-Amenfi East,Oppon Valley,,,,,,,
Nyamebekyere CHPS,Western,Wassa-Amenfi East,Oppon Valley,,,,,,,
Oppon Valley Health Centre,Western,Wassa-Amenfi East,Oppon Valley,,,,,,,
Abrokyire Krobo CHPS,Western,Wassa-Amenfi East,Saa,,,,,,,
Pewuako Chps,Western,Wassa-Amenfi East,Saa,,,,,,,
Saa Health Centre,Western,Wassa-Amenfi East,Saa,,,,,,,
Afiena CHPS,Western,Wassa-Amenfi West,Asankran Breman,,,,,,,
Asankran Breman Health Centre,Western,Wassa-Amenfi West,Asankran Breman,,,,,,,
Bokakore CHPS,Western,Wassa-Amenfi West,Asankran Breman,,,,,,,
Fordjourkrom CHPS,Western,Wassa-Amenfi West,Asankran Breman,,,,,,,
Juantoa CHPS,Western,Wassa-Amenfi West,Asankran Breman,,,,,,,
Moseaso CHPS,Western,Wassa-Amenfi West,Asankran Breman,,,,,,,
Odakotoamso CHPS,Western,Wassa-Amenfi West,Asankran Breman,,,,,,,
Odakrofofrom CHPS,Western,Wassa-Amenfi West,Asankran Breman,,,,,,,
Odumase CHPS,Western,Wassa-Amenfi West,Asankran Breman,,,,,,,
Asankran Saa Clinic,Western,Wassa-Amenfi West,Asankran-Saa,,,,,,,
Kwabeng CHPS,Western,Wassa-Amenfi West,Asankran-Saa,,,,,,,
Nana Gyamfi Amoonu Maternity Home,Western,Wassa-Amenfi West,Asankran-Saa,,,,,,,
Nkwantanum (Wassa Amenfi West) CHPS,Western,Wassa-Amenfi West,Asankran-Saa,,,,,,,
Nyamendae CHPS,Western,Wassa-Amenfi West,Asankran-Saa,,,,,,,
Amoakokrom CHPS,Western,Wassa-Amenfi West,Asankrangwa,,,,,,,
Asanco SHS CHPS,Western,Wassa-Amenfi West,Asankrangwa,,,,,,,
Asankrangwa CHPS,Western,Wassa-Amenfi West,Asankrangwa,,,,,,,
Asectech CHPS,Western,Wassa-Amenfi West,Asankrangwa,,,,,,,
Father Thomas Alan Rooney Memorial Hospital,Western,Wassa-Amenfi West,Asankrangwa,,,,,,,
Sika Nti CHPS,Western,Wassa-Amenfi West,Asankrangwa,,,,,,,
Vintage Hospital,Western,Wassa-Amenfi West,Asankrangwa,,,,,,,
Wesley (Wassa Amenfi West) Clinic,Western,Wassa-Amenfi West,Asankrangwa,,,,,,,
Abekoase CHPS,Western,Wassa-Amenfi West,Attobrakrom,,,,,,,
Asuohyiam CHPS,Western,Wassa-Amenfi West,Attobrakrom,,,,,,,
Attobrakrom CHPS,Western,Wassa-Amenfi West,Attobrakrom,,,,,,,
Kamaso CHPS,Western,Wassa-Amenfi West,Attobrakrom,,,,,,,
Aworabo CHPS,Western,Wassa-Amenfi West,Bisaaso,,,,,,,
Bena Fie CHPS,Western,Wassa-Amenfi West,Bisaaso,,,,,,,
Bena Nkwanta CHPS,Western,Wassa-Amenfi West,Bisaaso,,,,,,,
Berekum CHPS,Western,Wassa-Amenfi West,Bisaaso,,,,,,,
Bisaaso Health Centre,Western,Wassa-Amenfi West,Bisaaso,,,,,,,
Mumuni CHPS,Western,Wassa-Amenfi West,Bisaaso,,,,,,,
Nyamebekyere CHPS,Western,Wassa-Amenfi West,Bisaaso,,,,,,,
Ohiampeanika CHPS,Western,Wassa-Amenfi West,Bisaaso,,,,,,,
Tekpekrom (Bisaaso) CHPS,Western,Wassa-Amenfi West,Bisaaso,,,,,,,
Ayensu CHPS,Western,Wassa-Amenfi West,Gravel Yard,,,,,,,
Domeabra (Wassa Amenfi West) CHPS,Western,Wassa-Amenfi West,Gravel Yard,,,,,,,
Dorcas CHPS,Western,Wassa-Amenfi West,Gravel Yard,,,,,,,
Gravel Yard CHPS,Western,Wassa-Amenfi West,Gravel Yard,,,,,,,
Mmofra Nfa Dwen CHPS,Western,Wassa-Amenfi West,Gravel Yard,,,,,,,
Prestea Nkwanta CHPS,Western,Wassa-Amenfi West,Gravel Yard,,,,,,,
St Theresa (Wassa Amenfi West) Clinic,Western,Wassa-Amenfi West,Gravel Yard,,,,,,,
Torompan CHPS,Western,Wassa-Amenfi West,Gravel Yard,,,,,,,
Aggreso CHPS,Western,Wassa-Amenfi West,Samreboi,,,,,,,
Amuaku CHPS,Western,Wassa-Amenfi West,Samreboi,,,,,,,
Appiahkrom CHPS,Western,Wassa-Amenfi West,Samreboi,,,,,,,
Kokoase (Wassa Amenfi West) CHPS,Western,Wassa-Amenfi West,Samreboi,,,,,,,
Ohiamatuo Clinic,Western,Wassa-Amenfi West,Samreboi,,,,,,,
Samartex Hospital,Western,Wassa-Amenfi West,Samreboi,,,,,,,
Simpa CHPS,Western,Wassa-Amenfi West,Samreboi,,,,,,,
Tanokrom (Samreboi) CHPS,Western,Wassa-Amenfi West,Samreboi,,,,,,,
Tigarikrom CHPS,Western,Wassa-Amenfi West,Samreboi,,,,,,,
Woman No Good CHPS,Western,Wassa-Amenfi West,Samreboi,,,,,,,
Aborekrom CHPS,Western,Wassa-Amenfi West,Wassa Dunkwa,,,,,,,
Pantooso CHPS,Western,Wassa-Amenfi West,Wassa Dunkwa,,,,,,,
Wassa Dunkwa CHPS,Western,Wassa-Amenfi West,Wassa Dunkwa,,,,,,,
Yirase CHPS,Western,Wassa-Amenfi West,Wassa Dunkwa,,,,,,,
A Lang CHPS,Western,Ahanta West,Agona,,,,,,,
Abura CHPS,Western,Ahanta West,Agona,,,,,,,
Abura Clinic,Western,Ahanta West,Agona,,,,,,,
Adjumako Mpatase CHPS,Western,Ahanta West,Agona,,,,,,,
Agona Fie CHPS,Western,Ahanta West,Agona,,,,,,,
Agona Health Centre,Western,Ahanta West,Agona,,,,,,,
Agona Nkwanta CHPS,Western,Ahanta West,Agona,,,,,,,
Akatenchie CHPS,Western,Ahanta West,Agona,,,,,,,
Apimenyim-Banso CHPS,Western,Ahanta West,Agona,,,,,,,
Domeabra (Western) CHPS,Western,Ahanta West,Agona,,,,,,,
Ewusiejoe CHPS,Western,Ahanta West,Agona,,,,,,,
Fasin CHPS,Western,Ahanta West,Agona,,,,,,,
Germa Maternity Clinic,Western,Ahanta West,Agona,,,,,,,
Grel Clinic,Western,Ahanta West,Agona,,,,,,,
Hotopo CHPS,Western,Ahanta West,Agona,,,,,,,
Mpanyinasah CHPS,Western,Ahanta West,Agona,,,,,,,
Adjuah CHPS,Western,Ahanta West,Apowa,,,,,,,
Ankyereyin CHPS,Western,Ahanta West,Apowa,,,,,,,
Apowa CHPS,Western,Ahanta West,Apowa,,,,,,,
Apowa Health Centre,Western,Ahanta West,Apowa,,,,,,,
Asamasa CHPS,Western,Ahanta West,Apowa,,,,,,,
Aworozo CHPS,Western,Ahanta West,Apowa,,,,,,,
Beahu CHPS,Western,Ahanta West,Apowa,,,,,,,
Egyam Catholic Clinic,Western,Ahanta West,Apowa,,,,,,,
Egyam CHPS,Western,Ahanta West,Apowa,,,,,,,
Funkoe CHPS,Western,Ahanta West,Apowa,,,,,,,
Kejabil CHPS,Western,Ahanta West,Apowa,,,,,,,
New Amanful CHPS,Western,Ahanta West,Apowa,,,,,,,
Achowa-Media CHPS,Western,Ahanta West,Apowa,,,,,,,
Akuba Ewoo Clinic,Western,Ahanta West,Apowa,,,,,,,
Akwidaa CHPS,Western,Ahanta West,Apowa,,,,,,,
Boekrom CHPS,Western,Ahanta West,Apowa,,,,,,,
Busua CHPS,Western,Ahanta West,Apowa,,,,,,,
Butre CHPS,Western,Ahanta West,Apowa,,,,,,,
CAPE 3 POINT CHPS,Western,Ahanta West,Apowa,,,,,,,
Chavene CHPS,Western,Ahanta West,Apowa,,,,,,,
Lower Dixcove CHPS,Western,Ahanta West,Apowa,,,,,,,
Nana Hima Dekyi Hospital,Western,Ahanta West,Apowa,,,,,,,
Sankor Yaakow CHPS,Western,Ahanta West,Apowa,,,,,,,
Upper Dixcove CHPS,Western,Ahanta West,Apowa,,,,,,,
Aketakyi CHPS,Western,Ahanta West,Princess,,,,,,,
Anyaano CHPS,Western,Ahanta West,Princess,,,,,,,
Egyambra CHPS,Western,Ahanta West,Princess,,,,,,,
Princess Health Center,Western,Ahanta West,Princess,,,,,,,
Princess Town CHPS,Western,Ahanta West,Princess,,,,,,,
Achimfo Health Centre,Western,Aowin,Achimfo (Enchi),,,,,,,
Achimfo-Adjeikrom CHPS,Western,Aowin,Achimfo (Enchi),,,,,,,
Banaso CHPS,Western,Aowin,Achimfo (Enchi),,,,,,,
Nyaney Camp CHPS,Western,Aowin,Achimfo (Enchi),,,,,,,
Adjuom CHPS,Western,Aowin,Adjuom,,,,,,,
Desueano CHPS,Western,Aowin,Adjuom,,,,,,,
Papueso Presby Clinic,Western,Aowin,Adjuom,,,,,,,
Adonikrom CHPS,Western,Aowin,Akontombra Nkwanta,,,,,,,
Akontombra Nkwanta Health Centre,Western,Aowin,Akontombra Nkwanta,,,,,,,
Anwiafutu CHPS,Western,Aowin,Akontombra Nkwanta,,,,,,,
Motosso CHPS,Western,Aowin,Akontombra Nkwanta,,,,,,,
Amanshia CHPs Zone,Western,Aowin,Aquai Allah,,,,,,,
Ankaase CHPS,Western,Aowin,Aquai Allah,,,,,,,
Aquay Allah Health Centre,Western,Aowin,Aquai Allah,,,,,,,
Awuakrom CHPS,Western,Aowin,Aquai Allah,,,,,,,
Camp 4 CHPS,Western,Aowin,Aquai Allah,,,,,,,
Limankrom CHPS,Western,Aowin,Aquai Allah,,,,,,,
Asemkrom CHPS,Western,Aowin,Boinso,,,,,,,
Bethel Methodist Clinic - Kwawu,Western,Aowin,Boinso,,,,,,,
Boinso Health Centre,Western,Aowin,Boinso,,,,,,,
Jema CHPS,Western,Aowin,Boinso,,,,,,,
Omanpe CHPS,Western,Aowin,Boinso,,,,,,,
Pentecost Clinic Kwawu,Western,Aowin,Boinso,,,,,,,
Enchi Government Hospital,Western,Aowin,Enchi,,,,,,,
New-Yakasi CHPS,Western,Aowin,Enchi,,,,,,,
Presbyterian (aowin Suaman) Health Centre,Western,Aowin,Enchi,,,,,,,
Adjei Krom CHPS,Western,Aowin,New Gyasikrom,,,,,,,
Kordjour CHPS,Western,Aowin,New Gyasikrom,,,,,,,
New Gyasikrom CHPS,Western,Aowin,New Gyasikrom,,,,,,,
Amonie Presby Health Centre,Western,Aowin,Sewum,,,,,,,
Nkwanta CHPS,Western,Aowin,Sewum,,,,,,,
Nyamesa CHPS,Western,Aowin,Sewum,,,,,,,
Sewum Health Centre,Western,Aowin,Sewum,,,,,,,
Appiakrom CHPS,Western,Aowin,Yiwabra,,,,,,,
Asantekrom CHPS,Western,Aowin,Yiwabra,,,,,,,
Enchi Jomoro CHPS,Western,Aowin,Yiwabra,,,,,,,
Yiwabra Health Centre,Western,Aowin,Yiwabra,,,,,,,
Aboabo CHPS (bibiani),Western,Bibiani-Anhwiaso-Bekwai,Anhwiaso (western),,,,,,,
Aboduabo CHPS,Western,Bibiani-Anhwiaso-Bekwai,Anhwiaso (western),,,,,,,
Adupri CHPS,Western,Bibiani-Anhwiaso-Bekwai,Anhwiaso (western),,,,,,,
Afamu CHPS,Western,Bibiani-Anhwiaso-Bekwai,Anhwiaso (western),,,,,,,
Anhwiaso (bibiani Anhwiaso Bekwai) Health Centre,Western,Bibiani-Anhwiaso-Bekwai,Anhwiaso (western),,,,,,,
Ankra Muano CHPS,Western,Bibiani-Anhwiaso-Bekwai,Anhwiaso (western),,,,,,,
Debiso CHPS,Western,Bibiani-Anhwiaso-Bekwai,Anhwiaso (western),,,,,,,
Dominebo CHPS,Western,Bibiani-Anhwiaso-Bekwai,Anhwiaso (western),,,,,,,
Kojina Subri N CHPS,Western,Bibiani-Anhwiaso-Bekwai,Anhwiaso (western),,,,,,,
Kumkumso CHPS,Western,Bibiani-Anhwiaso-Bekwai,Anhwiaso (western),,,,,,,
Nambro CHPS,Western,Bibiani-Anhwiaso-Bekwai,Anhwiaso (western),,,,,,,
Ntakam CHPS,Western,Bibiani-Anhwiaso-Bekwai,Anhwiaso (western),,,,,,,
Pataboso CHPS,Western,Bibiani-Anhwiaso-Bekwai,Anhwiaso (western),,,,,,,
Tanoso (Bibiani-Anhwiaso) CHPS,Western,Bibiani-Anhwiaso-Bekwai,Anhwiaso (western),,,,,,,
Wenchi (bibiani Anhwiaso Bekwai) CHPS,Western,Bibiani-Anhwiaso-Bekwai,Anhwiaso (western),,,,,,,
Asawinso CHPS,Western,Bibiani-Anhwiaso-Bekwai,Awaso,,,,,,,
Asempanaye CHPS,Western,Bibiani-Anhwiaso-Bekwai,Awaso,,,,,,,
Atronsu CHPS,Western,Bibiani-Anhwiaso-Bekwai,Awaso,,,,,,,
Gbc Awaso Hospital,Western,Bibiani-Anhwiaso-Bekwai,Awaso,,,,,,,
Krodua CHPS,Western,Bibiani-Anhwiaso-Bekwai,Awaso,,,,,,,
Manse CHPS,Western,Bibiani-Anhwiaso-Bekwai,Awaso,,,,,,,
Mmerewa CHPS,Western,Bibiani-Anhwiaso-Bekwai,Awaso,,,,,,,
Nkatieso CHPS,Western,Bibiani-Anhwiaso-Bekwai,Awaso,,,,,,,
Nkronua CHPS,Western,Bibiani-Anhwiaso-Bekwai,Awaso,,,,,,,
Adobewura No. 2 CHPS,Western,Bibiani-Anhwiaso-Bekwai,Bekwai (western),,,,,,,
Akaasu CHPS,Western,Bibiani-Anhwiaso-Bekwai,Bekwai (western),,,,,,,
Ampenkrom CHPS,Western,Bibiani-Anhwiaso-Bekwai,Bekwai (western),,,,,,,
Bekwai Low Cost CHPS,Western,Bibiani-Anhwiaso-Bekwai,Bekwai (western),,,,,,,
Bekwai Zongo CHPS,Western,Bibiani-Anhwiaso-Bekwai,Bekwai (western),,,,,,,
Green Shield Hospital,Western,Bibiani-Anhwiaso-Bekwai,Bekwai (western),,,,,,,
Humjibre CHPS,Western,Bibiani-Anhwiaso-Bekwai,Bekwai (western),,,,,,,
Kojina CHPS,Western,Bibiani-Anhwiaso-Bekwai,Bekwai (western),,,,,,,
Muoho CHPS,Western,Bibiani-Anhwiaso-Bekwai,Bekwai (western),,,,,,,
Peace & Grace Hospital,Western,Bibiani-Anhwiaso-Bekwai,Bekwai (western),,,,,,,
Sefwi Ashiam CHPS,Western,Bibiani-Anhwiaso-Bekwai,Bekwai (western),,,,,,,
Sefwi Bekwai Health Centre,Western,Bibiani-Anhwiaso-Bekwai,Bekwai (western),,,,,,,
Abokyikrom (Bibiani-Anhwiaso) CHPS,Western,Bibiani-Anhwiaso-Bekwai,Bibiani,,,,,,,
Bassengele CHPS,Western,Bibiani-Anhwiaso-Bekwai,Bibiani,,,,,,,
Bethleham CHPS,Western,Bibiani-Anhwiaso-Bekwai,Bibiani,,,,,,,
Bibiani District Hospital,Western,Bibiani-Anhwiaso-Bekwai,Bibiani,,,,,,,
Bibiani Old Town CHPS,Western,Bibiani-Anhwiaso-Bekwai,Bibiani,,,,,,,
Bibiani RCH CHPS,Western,Bibiani-Anhwiaso-Bekwai,Bibiani,,,,,,,
Bibiani Zongo CHPS,Western,Bibiani-Anhwiaso-Bekwai,Bibiani,,,,,,,
Daks Medical Centre,Western,Bibiani-Anhwiaso-Bekwai,Bibiani,,,,,,,
Degede CHPS,Western,Bibiani-Anhwiaso-Bekwai,Bibiani,,,,,,,
District Health Administration,Western,Bibiani-Anhwiaso-Bekwai,Bibiani,,,,,,,
Divine Love Hospital,Western,Bibiani-Anhwiaso-Bekwai,Bibiani,,,,,,,
Estate (Bibiani-Anhwiaso) CHPS,Western,Bibiani-Anhwiaso-Bekwai,Bibiani,,,,,,,
Fawokabra CHPS,Western,Bibiani-Anhwiaso-Bekwai,Bibiani,,,,,,,
Gyedi CHPS,Western,Bibiani-Anhwiaso-Bekwai,Bibiani,,,,,,,
Hwenapori CHPS,Western,Bibiani-Anhwiaso-Bekwai,Bibiani,,,,,,,
Kate Afram Clinic,Western,Bibiani-Anhwiaso-Bekwai,Bibiani,,,,,,,
Kwamekrom CHPS,Western,Bibiani-Anhwiaso-Bekwai,Bibiani,,,,,,,
Lineso CHPS,Western,Bibiani-Anhwiaso-Bekwai,Bibiani,,,,,,,
Mframakrom CHPS,Western,Bibiani-Anhwiaso-Bekwai,Bibiani,,,,,,,
Noble Gold Hospital,Western,Bibiani-Anhwiaso-Bekwai,Bibiani,,,,,,,
Reed Danos Medical Centre,Western,Bibiani-Anhwiaso-Bekwai,Bibiani,,,,,,,
Rescue Clinic,Western,Bibiani-Anhwiaso-Bekwai,Bibiani,,,,,,,
Adiembra CHPS (Bekwai),Western,Bibiani-Anhwiaso-Bekwai,Chirano,,,,,,,
Akaaso CHPS,Western,Bibiani-Anhwiaso-Bekwai,Chirano,,,,,,,
Anyinase CHPS,Western,Bibiani-Anhwiaso-Bekwai,Chirano,,,,,,,
Chirano Health Centre,Western,Bibiani-Anhwiaso-Bekwai,Chirano,,,,,,,
Kinross Clinic,Western,Bibiani-Anhwiaso-Bekwai,Chirano,,,,,,,
St Marks Anglican Clinic,Western,Bibiani-Anhwiaso-Bekwai,Chirano,,,,,,,
Surano CHPS,Western,Bibiani-Anhwiaso-Bekwai,Chirano,,,,,,,
Adabokrom CHPS,Western,Bia East,Adabokrom,,,,,,,
Amadu Nkwanta CHPS,Western,Bia East,Adabokrom,,,,,,,
Arhinful CHPS,Western,Bia East,Adabokrom,,,,,,,
Camp 15 CHPS,Western,Bia East,Adabokrom,,,,,,,
Fosukrom CHPS,Western,Bia East,Adabokrom,,,,,,,
Kwasare CHPS,Western,Bia East,Adabokrom,,,,,,,
Peace (bia) Maternity,Western,Bia East,Adabokrom,,,,,,,
Achiase (Bia East) CHPS,Western,Bia East,Asemnyinakrom,,,,,,,
Asemnyinakrom CHPS,Western,Bia East,Asemnyinakrom,,,,,,,
Eye Awurade (bia) Maternity Home,Western,Bia East,Asemnyinakrom,,,,,,,
Alhajikrom PHC Clinic,Western,Bia East,Kaase,,,,,,,
Kaase H/C,Western,Bia East,Kaase,,,,,,,
Marfokrom Memorial Clinic,Western,Bia East,Kaase,,,,,,,
Merciful (bia) Clinic,Western,Bia East,Kaase,,,,,,,
Saviour (bia) Clinic,Western,Bia East,Kaase,,,,,,,
St. Augustine's Clinic,Western,Bia East,Kaase,,,,,,,
Akaatiso CHPS,Western,Bia West,Akaatiso,,,,,,,
Gina (bia) Maternity,Western,Bia West,Akaatiso,,,,,,,
Kofiekrom Aduana Clinic,Western,Bia West,Akaatiso,,,,,,,
Lizzy's (bia) Maternity,Western,Bia West,Akaatiso,,,,,,,
Oforikrom CHPS Zone,Western,Bia West,Akaatiso,,,,,,,
Asikumah CHPS Zone,Western,Bia West,Essam,,,,,,,
Cocoa Clinic Debiso,Western,Bia West,Essam,,,,,,,
Essam gov. Hospital,Western,Bia West,Essam,,,,,,,
Essam H/C,Western,Bia West,Essam,,,,,,,
Florence (bia) Maternity,Western,Bia West,Essam,,,,,,,
Kwametawiahkrom CHPS,Western,Bia West,Essam,,,,,,,
Presby (bia) Clinic,Western,Bia West,Essam,,,,,,,
St Luke (Bia) Clinic,Western,Bia West,Essam,,,,,,,
Abosi CHPS Zone,Western,Bia West,Kwesi Nkrumah,,,,,,,
Amoashed CHPS,Western,Bia West,Kwesi Nkrumah,,,,,,,
Brebre Clinic,Western,Bia West,Kwesi Nkrumah,,,,,,,
Kofi-Kra CHPS,Western,Bia West,Kwesi Nkrumah,,,,,,,
Kwasi Nkrumah CHPS,Western,Bia West,Kwesi Nkrumah,,,,,,,
St Joseph (bia) Maternity,Western,Bia West,Kwesi Nkrumah,,,,,,,
Asafo-Adjei CHPS Zone,Western,Bia West,Mempeasem,,,,,,,
Asuontaa CHPS,Western,Bia West,Mempeasem,,,,,,,
Cashierkrom CHPS,Western,Bia West,Mempeasem,,,,,,,
Mempeasem Health Centre,Western,Bia West,Mempeasem,,,,,,,
Osbert Maternity,Western,Bia West,Mempeasem,,,,,,,
Eno Yeboah Clinic,Western,Bia West,Oseikojokrom,,,,,,,
Kojoaba Clinic,Western,Bia West,Oseikojokrom,,,,,,,
Oseikojo CHPS,Western,Bia West,Oseikojokrom,,,,,,,
St Ann's Maternity,Western,Bia West,Oseikojokrom,,,,,,,
St John Of God (bia) Annex,Western,Bia West,Oseikojokrom,,,,,,,
Yaw Sekyerekrom CHPS Zone,Western,Bia West,Oseikojokrom,,,,,,,
New Papaase CHPS,Western,Bia West,Papaase,,,,,,,
Yesukrom CHPS Zone,Western,Bia West,Papaase,,,,,,,
Angela Clinic,Western,Bia West,Yawmatwa,,,,,,,
Nsowakrom CHPS,Western,Bia West,Yawmatwa,,,,,,,
Pillar 34 CHPS Zone,Western,Bia West,Yawmatwa,,,,,,,
Yawmatwa CHPS,Western,Bia West,Yawmatwa,,,,,,,
Yawmatwa Church Of Pentecost Clinic,Western,Bia West,Yawmatwa,,,,,,,
Ahibenso,Western,Bodi,Amoaya,,,,,,,
Amoaya Health Centre,Western,Bodi,Amoaya,,,,,,,
Bokabo CHPS,Western,Bodi,Amoaya,,,,,,,
Datano CHPS,Western,Bodi,Amoaya,,,,,,,
Kwasikrom (Bodi) Health Center,Western,Bodi,Amoaya,,,,,,,
Patakro CHPS,Western,Bodi,Amoaya,,,,,,,
Denchemuosue CHPS,Western,Bodi,Bodi,,,,,,,
Ahibenso Health Centre,Western,Bodi,Bodi,,,,,,,
Ahibenso Rural Clinic,Western,Bodi,Bodi,,,,,,,
Bishop Anglioby Memorial Clinic,Western,Bodi,Bodi,,,,,,,
Bodi CHPS,Western,Bodi,Bodi,,,,,,,
Kanchiabo CHPS,Western,Bodi,Bodi,,,,,,,
Mammudu PHC (Clinic),Western,Bodi,Bodi,,,,,,,
Serwaa Maternity Home,Western,Bodi,Bodi,,,,,,,
AFERE CHPS,Western,Bodi,Suiano,,,,,,,
Benumuo CHPS,Western,Bodi,Suiano,,,,,,,
Bepoase (Bodi) CHPS,Western,Bodi,Suiano,,,,,,,
Kama CHPS,Western,Bodi,Suiano,,,,,,,
Kwasikrom Health Centre,Western,Bodi,Suiano,,,,,,,
Puakrom CHPS,Western,Bodi,Suiano,,,,,,,
Suiano Health Centre,Western,Bodi,Suiano,,,,,,,
A.B. Bokazo Clinic,Western,Ellembelle,Aiyinase,,,,,,,
Adom Clinic,Western,Ellembelle,Aiyinase,,,,,,,
Aiyinase Health Center,Western,Ellembelle,Aiyinase,,,,,,,
Akoto CHPS,Western,Ellembelle,Aiyinase,,,,,,,
Awiebo CHPS,Western,Ellembelle,Aiyinase,,,,,,,
Awiebo-Basake CHPS,Western,Ellembelle,Aiyinase,,,,,,,
Ayawora CHPS Zone,Western,Ellembelle,Aiyinase,,,,,,,
Bokass CHPS,Western,Ellembelle,Aiyinase,,,,,,,
Mantukwa CHPS Zone,Western,Ellembelle,Aiyinase,,,,,,,
Nana Benie Clinic,Western,Ellembelle,Aiyinase,,,,,,,
Nyamebekyere CHPS,Western,Ellembelle,Aiyinase,,,,,,,
Krisan Camp Clinic,Western,Ellembelle,Eikwe,,,,,,,
Nralechie CHPS Zone,Western,Ellembelle,Eikwe,,,,,,,
Sanford International Clinic - Atuabo,Western,Ellembelle,Eikwe,,,,,,,
Sanzule CHPS,Western,Ellembelle,Eikwe,,,,,,,
St Martin De Porres (Ellembelle) Hospital,Western,Ellembelle,Eikwe,,,,,,,
Ahunu CHPS Zone,Western,Ellembelle,Esiama,,,,,,,
Alhaji Nuhu Memorial Clinic,Western,Ellembelle,Esiama,,,,,,,
Ampain Health Center,Western,Ellembelle,Esiama,,,,,,,
Asanta CHPS,Western,Ellembelle,Esiama,,,,,,,
Esiama Health Center,Western,Ellembelle,Esiama,,,,,,,
Esiama Sec. Tech. CHPS,Western,Ellembelle,Esiama,,,,,,,
KIMTECH CHPS,Western,Ellembelle,Esiama,,,,,,,
Mobile Clinic,Western,Ellembelle,Esiama,,,,,,,
Nana Ekua Ahuma CHPS,Western,Ellembelle,Esiama,,,,,,,
Sanford International Clinic - Kikam,Western,Ellembelle,Esiama,,,,,,,
Aidoosuazo CHPS,Western,Ellembelle,New Aiyinase,,,,,,,
ANANEKROM CHPS,Western,Ellembelle,New Aiyinase,,,,,,,
Asomase CHPS,Western,Ellembelle,New Aiyinase,,,,,,,
Kwasikrom CHPS,Western,Ellembelle,New Aiyinase,,,,,,,
Adamus Resort Clinic,Western,Ellembelle,Nkroful,,,,,,,
Adubrim CHPS,Western,Ellembelle,Nkroful,,,,,,,
Akropong CHPS,Western,Ellembelle,Nkroful,,,,,,,
Asasetre Health Centre,Western,Ellembelle,Nkroful,,,,,,,
Barmoakpoley CHPS Zone,Western,Ellembelle,Nkroful,,,,,,,
NASS CHPS,Western,Ellembelle,Nkroful,,,,,,,
Nkroful Health Center,Western,Ellembelle,Nkroful,,,,,,,
Salma Health Center,Western,Ellembelle,Nkroful,,,,,,,
Sanford International Clinic - Teleku Bokazo,Western,Ellembelle,Nkroful,,,,,,,
West African Rescue Association,Western,Ellembelle,Nkroful,,,,,,,
Agyeza CHPS,Western,Jomoro,Beyin,,,,,,,
Allowulley CHPS,Western,Jomoro,Beyin,,,,,,,
Ekabeku Health Centre,Western,Jomoro,Beyin,,,,,,,
Kengen CHPS,Western,Jomoro,Beyin,,,,,,,
Twenen Health Centre,Western,Jomoro,Beyin,,,,,,,
Angel Clinic,Western,Jomoro,Elubo,,,,,,,
Anwiafutu CHPS,Western,Jomoro,Elubo,,,,,,,
Elubo Health Centre,Western,Jomoro,Elubo,,,,,,,
Fawoman CHPS Zone,Western,Jomoro,Elubo,,,,,,,
Frontier Clinic,Western,Jomoro,Elubo,,,,,,,
Ghana Nungua CHPS,Western,Jomoro,Elubo,,,,,,,
New Ankasah CHPS,Western,Jomoro,Elubo,,,,,,,
Sowodadzim CHPS,Western,Jomoro,Elubo,,,,,,,
Vins Clinic,Western,Jomoro,Elubo,,,,,,,
Adusuazo CHPS,Western,Jomoro,Half Assini,,,,,,,
Ahobre CHPS Zone,Western,Jomoro,Half Assini,,,,,,,
Anlomatuape CHPS,Western,Jomoro,Half Assini,,,,,,,
Effasu CHPS Zone,Western,Jomoro,Half Assini,,,,,,,
Egbazo CHPS,Western,Jomoro,Half Assini,,,,,,,
Enzemetianu CHPS,Western,Jomoro,Half Assini,,,,,,,
Epku CHPS,Western,Jomoro,Half Assini,,,,,,,
Half Assini Government Hospital,Western,Jomoro,Half Assini,,,,,,,
Jaway Wharf CHPS,Western,Jomoro,Half Assini,,,,,,,
New Kabenlasuazo CHPS,Western,Jomoro,Half Assini,,,,,,,
New Town Health Centre,Western,Jomoro,Half Assini,,,,,,,
Newtown Wharf CHPS,Western,Jomoro,Half Assini,,,,,,,
Old Edobo CHPS,Western,Jomoro,Half Assini,,,,,,,
Takinta CHPS,Western,Jomoro,Half Assini,,,,,,,
Ellenda CHPS,Western,Jomoro,Tikobo,,,,,,,
Ezinlibo CHPS,Western,Jomoro,Tikobo,,,,,,,
Mpataba CHPS,Western,Jomoro,Tikobo,,,,,,,
Nawuley CHPS,Western,Jomoro,Tikobo,,,,,,,
Nuba CHPS,Western,Jomoro,Tikobo,,,,,,,
Nvellenu CHPS,Western,Jomoro,Tikobo,,,,,,,
Our Lady Of Fatima Clinic,Western,Jomoro,Tikobo,,,,,,,
Samenye Health Centre,Western,Jomoro,Tikobo,,,,,,,
Siloam Gospel (jomoro) Clinic,Western,Jomoro,Tikobo,,,,,,,
Tikobo No 1 Health Centre,Western,Jomoro,Tikobo,,,,,,,
Tikobo No 2 Health Centre,Western,Jomoro,Tikobo,,,,,,,
Tweakor No. 2 CHPS,Western,Jomoro,Tikobo,,,,,,,
Agyemandiem CHPS,Western,Juabeso,Asempaneye,,,,,,,
Asempaneye CHPS,Western,Juabeso,Asempaneye,,,,,,,
Eteso CHPS,Western,Juabeso,Asempaneye,,,,,,,
Kantankrubo CHPS,Western,Juabeso,Asempaneye,,,,,,,
Mafia CHPS,Western,Juabeso,Asempaneye,,,,,,,
Nyame Ama Maternity,Western,Juabeso,Asempaneye,,,,,,,
Sayerano CHPS,Western,Juabeso,Asempaneye,,,,,,,
Aboboyaa CHPS,Western,Juabeso,Bonsu Nkwanta,,,,,,,
Akwasi Addaekrom CHPS,Western,Juabeso,Bonsu Nkwanta,,,,,,,
Annas Maternity,Western,Juabeso,Bonsu Nkwanta,,,,,,,
Bonsu CHPS,Western,Juabeso,Bonsu Nkwanta,,,,,,,
Bonsu Nkwanta (Juaboso) Health Centre,Western,Juabeso,Bonsu Nkwanta,,,,,,,
Caiphas CHPS,Western,Juabeso,Bonsu Nkwanta,,,,,,,
Gyampokrom CHPS,Western,Juabeso,Bonsu Nkwanta,,,,,,,
JJ Nkwanta CHPS,Western,Juabeso,Bonsu Nkwanta,,,,,,,
Kofikrom SDA Clinic,Western,Juabeso,Bonsu Nkwanta,,,,,,,
Mintakrom CHPS,Western,Juabeso,Bonsu Nkwanta,,,,,,,
Nallice Maternity,Western,Juabeso,Bonsu Nkwanta,,,,,,,
New Berekum CHPS,Western,Juabeso,Bonsu Nkwanta,,,,,,,
New Somanya (Juaboso) CHPS,Western,Juabeso,Bonsu Nkwanta,,,,,,,
Possible Health Service,Western,Juabeso,Bonsu Nkwanta,,,,,,,
Yawgyem CHPS,Western,Juabeso,Bonsu Nkwanta,,,,,,,
Yeboah's Maternity,Western,Juabeso,Bonsu Nkwanta,,,,,,,
Africa CHPS,Western,Juabeso,Jato Africa,,,,,,,
Asoredanho CHPS,Western,Juabeso,Jato Africa,,,,,,,
Jatokrom CHPS,Western,Juabeso,Jato Africa,,,,,,,
Kyensekokoo CHPS,Western,Juabeso,Jato Africa,,,,,,,
Maggie's (juabeso) Maternity,Western,Juabeso,Jato Africa,,,,,,,
Abrokofe CHPS,Western,Juabeso,Juaboso,,,,,,,
Adwumamu CHPS,Western,Juabeso,Juaboso,,,,,,,
Antobia CHPS,Western,Juabeso,Juaboso,,,,,,,
Boinzan Anglican Clinic,Western,Juabeso,Juaboso,,,,,,,
Boinzan CHPS,Western,Juabeso,Juaboso,,,,,,,
Juabeso Rch,Western,Juabeso,Juaboso,,,,,,,
Juaboso Government Hospital,Western,Juabeso,Juaboso,,,,,,,
Kwawkrom CHPS,Western,Juabeso,Juaboso,,,,,,,
Rose (juaboso) Maternity,Western,Juabeso,Juaboso,,,,,,,
The Promise Of God Maternity Home,Western,Juabeso,Juaboso,,,,,,,
Adansi Community Clinic,Western,Mpohor,Adansi,,,,,,,
Botodwina CHPS,Western,Mpohor,Adansi,,,,,,,
Edaa CHPS,Western,Mpohor,Adansi,,,,,,,
Mampong CHPS (mpohor),Western,Mpohor,Adansi,,,,,,,
Adum Banso Community Clinic,Western,Mpohor,Adum Banso,,,,,,,
Adum Banso Lower CHPS,Western,Mpohor,Adum Banso,,,,,,,
Adum Banso Upper CHPS,Western,Mpohor,Adum Banso,,,,,,,
BOPP Ltd Clnic,Western,Mpohor,Adum Banso,,,,,,,
Dominase CHPS Zone,Western,Mpohor,Adum Banso,,,,,,,
K9 Comminity CHPS,Western,Mpohor,Adum Banso,,,,,,,
Obrayebona CHPS,Western,Mpohor,Adum Banso,,,,,,,
Akotrom CHPS,Western,Mpohor,Manso,,,,,,,
Angu CHPS Zone,Western,Mpohor,Manso,,,,,,,
Bomba CHPS,Western,Mpohor,Manso,,,,,,,
Manso Community Clinic,Western,Mpohor,Manso,,,,,,,
Manso No.1 CHPS,Western,Mpohor,Manso,,,,,,,
Manso No.2 CHPS,Western,Mpohor,Manso,,,,,,,
Wiredukrom CHPS,Western,Mpohor,Manso,,,,,,,
Ankobea CHPS,Western,Mpohor,Mpohor,,,,,,,
Atwerebana CHPS,Western,Mpohor,Mpohor,,,,,,,
Ayiem CHPS Zone,Western,Mpohor,Mpohor,,,,,,,
Bronikrom CHPS,Western,Mpohor,Mpohor,,,,,,,
Mpohor Health Centre,Western,Mpohor,Mpohor,,,,,,,
Ohiamanwu CHPS,Western,Mpohor,Mpohor,,,,,,,
Ewuku CHPS,Western,Mpohor,Mpohor,,,,,,,
Agyan CHPS,Western,Nzema East,Axim-nsein,,,,,,,
Apataim CHPS,Western,Nzema East,Axim-nsein,,,,,,,
Apewosika CHPS,Western,Nzema East,Axim-nsein,,,,,,,
Axim Government Hospital,Western,Nzema East,Axim-nsein,,,,,,,
Ayisakro CHPS,Western,Nzema East,Axim-nsein,,,,,,,
Bolazo CHPS,Western,Nzema East,Axim-nsein,,,,,,,
Botokule CHPS,Western,Nzema East,Axim-nsein,,,,,,,
Brawire CHPS,Western,Nzema East,Axim-nsein,,,,,,,
Dadwen CHPS,Western,Nzema East,Axim-nsein,,,,,,,
Fantefokrom CHPS,Western,Nzema East,Axim-nsein,,,,,,,
Grant Hill CHPS,Western,Nzema East,Axim-nsein,,,,,,,
Kegyina CHPS,Western,Nzema East,Axim-nsein,,,,,,,
Kokoado CHPS,Western,Nzema East,Axim-nsein,,,,,,,
Nyame Bekyere CHPS,Western,Nzema East,Axim-nsein,,,,,,,
Onzayeye CHPS,Western,Nzema East,Axim-nsein,,,,,,,
Physician On Call,Western,Nzema East,Axim-nsein,,,,,,,
Tolanu CHPS,Western,Nzema East,Axim-nsein,,,,,,,
Akango CHPS,Western,Nzema East,Bamiankor,,,,,,,
Asuawua CHPS,Western,Nzema East,Bamiankor,,,,,,,
Bamiankor Health Centre,Western,Nzema East,Bamiankor,,,,,,,
Asonti CHPS,Western,Nzema East,Gwira Banso,,,,,,,
Gwira Banso CHPS,Western,Nzema East,Gwira Banso,,,,,,,
Gwira Eshiem CHPS,Western,Nzema East,Gwira Eshiem,,,,,,,
Tumentu CHPS,Western,Nzema East,Gwira Eshiem,,,,,,,
Dibolaase CHPS,Western,Nzema East,Kutukrom,,,,,,,
Gyampire CHPS,Western,Nzema East,Kutukrom,,,,,,,
Kutukrom Health Centre,Western,Nzema East,Kutukrom,,,,,,,
Tebakrom CHPS,Western,Nzema East,Kutukrom,,,,,,,
Aboso Ebenezer Maternity Home,Western,Prestea-Huni Valley,Aboso,,,,,,,
Aboso Health Centre,Western,Prestea-Huni Valley,Aboso,,,,,,,
Adom (Aboso) Maternity Home,Western,Prestea-Huni Valley,Aboso,,,,,,,
Asikuma CHPS,Western,Prestea-Huni Valley,Aboso,,,,,,,
Atwereboanda (Prestea) CHPS,Western,Prestea-Huni Valley,Aboso,,,,,,,
Pieso CHPS,Western,Prestea-Huni Valley,Aboso,,,,,,,
S.D.A (Wassa Nkran) Health Centre,Western,Prestea-Huni Valley,Aboso,,,,,,,
Tintinmu CHPS,Western,Prestea-Huni Valley,Aboso,,,,,,,
Akotom CHPS,Western,Prestea-Huni Valley,Awudua,,,,,,,
Awudua Health Centre,Western,Prestea-Huni Valley,Awudua,,,,,,,
Gordon CHPS,Western,Prestea-Huni Valley,Awudua,,,,,,,
Huniano CHPS,Western,Prestea-Huni Valley,Awudua,,,,,,,
Huniso CHPS,Western,Prestea-Huni Valley,Awudua,,,,,,,
Kofi Gyan CHPS,Western,Prestea-Huni Valley,Awudua,,,,,,,
Pepesa CHPS,Western,Prestea-Huni Valley,Awudua,,,,,,,
Samahu CHPS,Western,Prestea-Huni Valley,Awudua,,,,,,,
Adjei Krom CHPS,Western,Prestea-Huni Valley,Bogoso,,,,,,,
Aseda Hospital,Western,Prestea-Huni Valley,Bogoso,,,,,,,
Beppoh CHPS,Western,Prestea-Huni Valley,Bogoso,,,,,,,
Bogoso Community Clinic,Western,Prestea-Huni Valley,Bogoso,,,,,,,
Bogoso Health Centre,Western,Prestea-Huni Valley,Bogoso,,,,,,,
Bogoso RCH,Western,Prestea-Huni Valley,Bogoso,,,,,,,
Brakwaline CHPS,Western,Prestea-Huni Valley,Bogoso,,,,,,,
Dumasi CHPS,Western,Prestea-Huni Valley,Bogoso,,,,,,,
Golden Star Mine Clinic,Western,Prestea-Huni Valley,Bogoso,,,,,,,
Juabeng CHPS,Western,Prestea-Huni Valley,Bogoso,,,,,,,
Petepom CHPS,Western,Prestea-Huni Valley,Bogoso,,,,,,,
SAB Maternity Home,Western,Prestea-Huni Valley,Bogoso,,,,,,,
St Edward Clinic,Western,Prestea-Huni Valley,Bogoso,,,,,,,
Tarkwa Bremang CHPS,Western,Prestea-Huni Valley,Bogoso,,,,,,,
Broni- Nkwanta CHPS,Western,Prestea-Huni Valley,Himan,,,,,,,
Brumase CHPS,Western,Prestea-Huni Valley,Himan,,,,,,,
Himan Health Centre,Western,Prestea-Huni Valley,Himan,,,,,,,
Kwame Niampa CHPS,Western,Prestea-Huni Valley,Himan,,,,,,,
Nipa Hiamoah CHPS,Western,Prestea-Huni Valley,Himan,,,,,,,
Amoanda CHPS,Western,Prestea-Huni Valley,Huni Valley,,,,,,,
Bompieso Health Centre,Western,Prestea-Huni Valley,Huni Valley,,,,,,,
Damang Health Centre,Western,Prestea-Huni Valley,Huni Valley,,,,,,,
Goldfields (Damang) Clinic,Western,Prestea-Huni Valley,Huni Valley,,,,,,,
Huni Valley Health Centre,Western,Prestea-Huni Valley,Huni Valley,,,,,,,
Kurantin No. 1 & 2 CHPS,Western,Prestea-Huni Valley,Huni Valley,,,,,,,
Kyekyewere CHPS,Western,Prestea-Huni Valley,Huni Valley,,,,,,,
Abekakrom CHPS,Western,Prestea-Huni Valley,Insusiding,,,,,,,
Gyimakrom CHPS,Western,Prestea-Huni Valley,Insusiding,,,,,,,
Insusiding CHPS,Western,Prestea-Huni Valley,Insusiding,,,,,,,
Obengkrom CHPS,Western,Prestea-Huni Valley,Insusiding,,,,,,,
Pemeso CHPS,Western,Prestea-Huni Valley,Insusiding,,,,,,,
Yawkrom CHPS,Western,Prestea-Huni Valley,Insusiding,,,,,,,
Anfgya CHPS,Western,Prestea-Huni Valley,Prestea,,,,,,,
Asoampa CHPS,Western,Prestea-Huni Valley,Prestea,,,,,,,
Bepoase CHPS,Western,Prestea-Huni Valley,Prestea,,,,,,,
Bondaye CHPS,Western,Prestea-Huni Valley,Prestea,,,,,,,
krutown CHPS,Western,Prestea-Huni Valley,Prestea,,,,,,,
No. 3 Compound CHPS,Western,Prestea-Huni Valley,Prestea,,,,,,,
Nsuta Mbease CHPS,Western,Prestea-Huni Valley,Prestea,,,,,,,
Odoye Clinic,Western,Prestea-Huni Valley,Prestea,,,,,,,
Prestea chps,Western,Prestea-Huni Valley,Prestea,,,,,,,
Prestea Government Hospital,Western,Prestea-Huni Valley,Prestea,,,,,,,
Sankofa (Prestea) Mine Clinic,Western,Prestea-Huni Valley,Prestea,,,,,,,
Akontombra Health Center,Western,Sefwi-Akontombra,Akontombra,,,,,,,
AKONTOMBRA RCH UNIT,Western,Sefwi-Akontombra,Akontombra,,,,,,,
Bokaso CHPS,Western,Sefwi-Akontombra,Akontombra,,,,,,,
Edewuakrom CHPS,Western,Sefwi-Akontombra,Akontombra,,,,,,,
Suzzy And Matt Maternity,Western,Sefwi-Akontombra,Akontombra,,,,,,,
TANOKROM CHPS,Western,Sefwi-Akontombra,Akontombra,,,,,,,
Yamfo CHPS,Western,Sefwi-Akontombra,Akontombra,,,,,,,
Asantekrom CHPS,Western,Sefwi-Akontombra,Asantekrom,,,,,,,
Bopa CHPS,Western,Sefwi-Akontombra,Asantekrom,,,,,,,
Kofikrom CHPS,Western,Sefwi-Akontombra,Asantekrom,,,,,,,
Aburonahia CHPS,Western,Sefwi-Akontombra,Bawakrom,,,,,,,
Bawakrom CHPS,Western,Sefwi-Akontombra,Bawakrom,,,,,,,
Manukrom CHPS,Western,Sefwi-Akontombra,Bawakrom,,,,,,,
Obronikrom CHPS,Western,Sefwi-Akontombra,Bawakrom,,,,,,,
Chorichori CHPS,Western,Sefwi-Akontombra,Kramokrom,,,,,,,
Kramokrom CHPS,Western,Sefwi-Akontombra,Kramokrom,,,,,,,
Tumuda CHPS,Western,Sefwi-Akontombra,Kramokrom,,,,,,,
Wansampo CHPS,Western,Sefwi-Akontombra,Kramokrom,,,,,,,
Ackaakrom CHPS,Western,Sefwi-Akontombra,Nsawora,,,,,,,
Akpafu CHPS,Western,Sefwi-Akontombra,Nsawora,,,,,,,
Apprutu CHPS,Western,Sefwi-Akontombra,Nsawora,,,,,,,
Gyanwaa Maternity,Western,Sefwi-Akontombra,Nsawora,,,,,,,
Kojokrom CHPS,Western,Sefwi-Akontombra,Nsawora,,,,,,,
Nkwadum CHPS,Western,Sefwi-Akontombra,Nsawora,,,,,,,
Nsawora Health Center,Western,Sefwi-Akontombra,Nsawora,,,,,,,
Yawkrom CHPS,Western,Sefwi-Akontombra,Nsawora,,,,,,,
Ahanta Abassa CHPS,Western,Sekondi-Takoradi,Essikado,,,,,,,
All One Health Centre (Clinic),Western,Sekondi-Takoradi,Essikado,,,,,,,
Anoe CHPS,Western,Sekondi-Takoradi,Essikado,,,,,,,
Diabene CHPS,Western,Sekondi-Takoradi,Essikado,,,,,,,
Eshiem (sekondi Takoradi) CHPS,Western,Sekondi-Takoradi,Essikado,,,,,,,
Essikado East CHPS,Western,Sekondi-Takoradi,Essikado,,,,,,,
Essikado Hospital,Western,Sekondi-Takoradi,Essikado,,,,,,,
Essikado West CHPS,Western,Sekondi-Takoradi,Essikado,,,,,,,
Essipong CHPS,Western,Sekondi-Takoradi,Essikado,,,,,,,
Henbaab Clinic CHPS,Western,Sekondi-Takoradi,Essikado,,,,,,,
Holychild Health Center,Western,Sekondi-Takoradi,Essikado,,,,,,,
Kojokrom (sekondi Takoradi) CHPS,Western,Sekondi-Takoradi,Essikado,,,,,,,
Madamfo Specialist Center,Western,Sekondi-Takoradi,Essikado,,,,,,,
Mepertemsrew CHPS,Western,Sekondi-Takoradi,Essikado,,,,,,,
Mpintsin CHPS,Western,Sekondi-Takoradi,Essikado,,,,,,,
Ntankorful CHPS,Western,Sekondi-Takoradi,Essikado,,,,,,,
Our Lady Clinic,Western,Sekondi-Takoradi,Essikado,,,,,,,
Ridge Naval base CHPS,Western,Sekondi-Takoradi,Essikado,,,,,,,
Sanford Clinic,Western,Sekondi-Takoradi,Essikado,,,,,,,
Stratford Clinic,Western,Sekondi-Takoradi,Essikado,,,,,,,
Vil Clinic,Western,Sekondi-Takoradi,Essikado,,,,,,,
Win Medical Center,Western,Sekondi-Takoradi,Essikado,,,,,,,
2mrs Military Hospital,Western,Sekondi-Takoradi,Kwesimintim,,,,,,,
Abiye Maternity Home,Western,Sekondi-Takoradi,Kwesimintim,,,,,,,
Adientem CHPS,Western,Sekondi-Takoradi,Kwesimintim,,,,,,,
Anaji CHPS,Western,Sekondi-Takoradi,Kwesimintim,,,,,,,
Anaji West CHPS,Western,Sekondi-Takoradi,Kwesimintim,,,,,,,
Apremdo CHPS,Western,Sekondi-Takoradi,Kwesimintim,,,,,,,
Assakae CHPS,Western,Sekondi-Takoradi,Kwesimintim,,,,,,,
Brite Life Clinic,Western,Sekondi-Takoradi,Kwesimintim,,,,,,,
Doham Clinic,Western,Sekondi-Takoradi,Kwesimintim,,,,,,,
East Tanokrom CHPS,Western,Sekondi-Takoradi,Kwesimintim,,,,,,,
Effia CHPS,Western,Sekondi-Takoradi,Kwesimintim,,,,,,,
Effiakuma East CHPS,Western,Sekondi-Takoradi,Kwesimintim,,,,,,,
Effman Clinic,Western,Sekondi-Takoradi,Kwesimintim,,,,,,,
Gabusu Clinic,Western,Sekondi-Takoradi,Kwesimintim,,,,,,,
Jemima Crentsil Hospital,Western,Sekondi-Takoradi,Kwesimintim,,,,,,,
Karis Medical Center,Western,Sekondi-Takoradi,Kwesimintim,,,,,,,
Kwesimintim Hospital,Western,Sekondi-Takoradi,Kwesimintim,,,,,,,
Marie Stopes International-Takoradi,Western,Sekondi-Takoradi,Kwesimintim,,,,,,,
My God is Able Maternity Home,Western,Sekondi-Takoradi,Kwesimintim,,,,,,,
Nansa Clinic,Western,Sekondi-Takoradi,Kwesimintim,,,,,,,
New Crystal Hospital,Western,Sekondi-Takoradi,Kwesimintim,,,,,,,
Peace Clinic,Western,Sekondi-Takoradi,Kwesimintim,,,,,,,
Sofo Zongo CHPS,Western,Sekondi-Takoradi,Kwesimintim,,,,,,,
ST. Helier Clinic,Western,Sekondi-Takoradi,Kwesimintim,,,,,,,
St.George's Medical Centre,Western,Sekondi-Takoradi,Kwesimintim,,,,,,,
Sycamore Medical Centre,Western,Sekondi-Takoradi,Kwesimintim,,,,,,,
Tech Spring Clinic,Western,Sekondi-Takoradi,Kwesimintim,,,,,,,
UQ Hospital,Western,Sekondi-Takoradi,Kwesimintim,,,,,,,
Whindo Health Centre,Western,Sekondi-Takoradi,Kwesimintim,,,,,,,
Work and Happiness Maternity Home,Western,Sekondi-Takoradi,Kwesimintim,,,,,,,
Adiembra CHPS (Sekondi),Western,Sekondi-Takoradi,Sekondi,,,,,,,
Bakado CHPS,Western,Sekondi-Takoradi,Sekondi,,,,,,,
Community Base,Western,Sekondi-Takoradi,Sekondi,,,,,,,
Effia Nkwanta Regional Hospital,Western,Sekondi-Takoradi,Sekondi,,,,,,,
Egham Clinic,Western,Sekondi-Takoradi,Sekondi,,,,,,,
Essaman (Sekondi) CHPS,Western,Sekondi-Takoradi,Sekondi,,,,,,,
Immaculate Heart Clinic,Western,Sekondi-Takoradi,Sekondi,,,,,,,
Kweikuma CHPS,Western,Sekondi-Takoradi,Sekondi,,,,,,,
Lily Maternity Home,Western,Sekondi-Takoradi,Sekondi,,,,,,,
Nkotompo CHPS,Western,Sekondi-Takoradi,Sekondi,,,,,,,
Old Sekondi Hospital (CLINIC),Western,Sekondi-Takoradi,Sekondi,,,,,,,
Prisons Service Clinic,Western,Sekondi-Takoradi,Sekondi,,,,,,,
Sekondi clinic/screening,Western,Sekondi-Takoradi,Sekondi,,,,,,,
Sekondi Market CHPS,Western,Sekondi-Takoradi,Sekondi,,,,,,,
Sekondi Naval Base Clinic,Western,Sekondi-Takoradi,Sekondi,,,,,,,
Sekondi Police Clinic,Western,Sekondi-Takoradi,Sekondi,,,,,,,
Sekondi Sti Clinic,Western,Sekondi-Takoradi,Sekondi,,,,,,,
St Francis Clinic,Western,Sekondi-Takoradi,Sekondi,,,,,,,
St Pauls (sekondi) Clinic,Western,Sekondi-Takoradi,Sekondi,,,,,,,
Adakope Airforce CHPS,Western,Sekondi-Takoradi,Takoradi,,,,,,,
Airforce Clinic,Western,Sekondi-Takoradi,Takoradi,,,,,,,
Cassava Farm-Market Circle CHPS,Western,Sekondi-Takoradi,Takoradi,,,,,,,
Cornerstone Clinic,Western,Sekondi-Takoradi,Takoradi,,,,,,,
Danvic Clinic,Western,Sekondi-Takoradi,Takoradi,,,,,,,
Ghacem Clinic,Western,Sekondi-Takoradi,Takoradi,,,,,,,
GPHA Hospital,Western,Sekondi-Takoradi,Takoradi,,,,,,,
International SOS Clinic,Western,Sekondi-Takoradi,Takoradi,,,,,,,
Kokompe Health Centre,Western,Sekondi-Takoradi,Takoradi,,,,,,,
Lower New Takoradi CHPS,Western,Sekondi-Takoradi,Takoradi,,,,,,,
Mrs Akoto Maternity Home,Western,Sekondi-Takoradi,Takoradi,,,,,,,
Nagel Memorial SDA Hospital,Western,Sekondi-Takoradi,Takoradi,,,,,,,
New Takoradi Health Center,Western,Sekondi-Takoradi,Takoradi,,,,,,,
Port Health Clinic,Western,Sekondi-Takoradi,Takoradi,,,,,,,
Quiwal Clinic,Western,Sekondi-Takoradi,Takoradi,,,,,,,
Tadi High Street Clinic,Western,Sekondi-Takoradi,Takoradi,,,,,,,
Takoradi Hospital,Western,Sekondi-Takoradi,Takoradi,,,,,,,
Timbod Clinic,Western,Sekondi-Takoradi,Takoradi,,,,,,,
Twin City Clinic,Western,Sekondi-Takoradi,Takoradi,,,,,,,
Upper New Takoradi CHPS,Western,Sekondi-Takoradi,Takoradi,,,,,,,
Wamco Clinic,Western,Sekondi-Takoradi,Takoradi,,,,,,,
West End Clinic,Western,Sekondi-Takoradi,Takoradi,,,,,,,
Abrabra CHPS,Western,Sefwi-Wiawso,Abrabra,,,,,,,
Attorkrom CHPS,Western,Sefwi-Wiawso,Abrabra,,,,,,,
Keteboi CHPS,Western,Sefwi-Wiawso,Abrabra,,,,,,,
Nkonya (Sefwi Wiawso) CHPS,Western,Sefwi-Wiawso,Abrabra,,,,,,,
Nyamennae CHPS,Western,Sefwi-Wiawso,Abrabra,,,,,,,
Powodie CHPS,Western,Sefwi-Wiawso,Abrabra,,,,,,,
Punikrom CHPS,Western,Sefwi-Wiawso,Abrabra,,,,,,,
Punikrom S.D.A Clinic,Western,Sefwi-Wiawso,Abrabra,,,,,,,
Sui CHPS,Western,Sefwi-Wiawso,Abrabra,,,,,,,
Afrimkrom CHPS,Western,Sefwi-Wiawso,Anyinabrim (western),,,,,,,
Akurafu CHPS,Western,Sefwi-Wiawso,Anyinabrim (western),,,,,,,
Anyinabrim (sefwi Wiawso) Health Centre,Western,Sefwi-Wiawso,Anyinabrim (western),,,,,,,
Aprompe CHPS,Western,Sefwi-Wiawso,Anyinabrim (western),,,,,,,
Atta Camp CHPS,Western,Sefwi-Wiawso,Anyinabrim (western),,,,,,,
Boako CHPS,Western,Sefwi-Wiawso,Anyinabrim (western),,,,,,,
Kaytess Maternity Home,Western,Sefwi-Wiawso,Anyinabrim (western),,,,,,,
Acheachen CHPS,Western,Sefwi-Wiawso,Asafo (western),,,,,,,
Ampabam CHPS,Western,Sefwi-Wiawso,Asafo (western),,,,,,,
Bechiwa CHPS,Western,Sefwi-Wiawso,Asafo (western),,,,,,,
Kunuma CHPS,Western,Sefwi-Wiawso,Asafo (western),,,,,,,
St John Of God (sefwi Wiawso) Hospital,Western,Sefwi-Wiawso,Asafo (western),,,,,,,
Aboagyekrom CHPS,Western,Sefwi-Wiawso,Asawinso,,,,,,,
Asawinso Health Centre,Western,Sefwi-Wiawso,Asawinso,,,,,,,
Asawinso SDA Clinic,Western,Sefwi-Wiawso,Asawinso,,,,,,,
Daud Scientific Herbal Hospital,Western,Sefwi-Wiawso,Asawinso,,,,,,,
John & Thess Maternity Home,Western,Sefwi-Wiawso,Asawinso,,,,,,,
Kojina CHPS,Western,Sefwi-Wiawso,Asawinso,,,,,,,
Lizzy (sefwi Wiawso) Maternity Home,Western,Sefwi-Wiawso,Asawinso,,,,,,,
Ahokwa CHPS,Western,Sefwi-Wiawso,Datano,,,,,,,
Anglo CHPS,Western,Sefwi-Wiawso,Datano,,,,,,,
Apemtimadi Bowobra CHPS,Western,Sefwi-Wiawso,Datano,,,,,,,
Datano CHPS,Western,Sefwi-Wiawso,Datano,,,,,,,
Domeabra CHPS,Western,Sefwi-Wiawso,Datano,,,,,,,
Dwenase CHPS,Western,Sefwi-Wiawso,Datano,,,,,,,
Greenshield Clinic,Western,Sefwi-Wiawso,Datano,,,,,,,
Nsuonsua CHPS,Western,Sefwi-Wiawso,Datano,,,,,,,
Nyamegyeso CHPS,Western,Sefwi-Wiawso,Datano,,,,,,,
Suhenso CHPS,Western,Sefwi-Wiawso,Datano,,,,,,,
Tanoso CHPS,Western,Sefwi-Wiawso,Datano,,,,,,,
Aboanidua CHPS,Western,Sefwi-Wiawso,Paboase,,,,,,,
Aboduam CHPS,Western,Sefwi-Wiawso,Paboase,,,,,,,
Ahwiaa CHPS,Western,Sefwi-Wiawso,Paboase,,,,,,,
Akoti-Etwebo CHPS,Western,Sefwi-Wiawso,Paboase,,,,,,,
Bedii CHPS,Western,Sefwi-Wiawso,Paboase,,,,,,,
Futa CHPS,Western,Sefwi-Wiawso,Paboase,,,,,,,
Ntrentrenso CHPS,Western,Sefwi-Wiawso,Paboase,,,,,,,
Paboase Health Centre,Western,Sefwi-Wiawso,Paboase,,,,,,,
Penakrom-Nyamebekyere CHPS,Western,Sefwi-Wiawso,Paboase,,,,,,,
Aboboyaa CHPS,Western,Sefwi-Wiawso,Wiawso,,,,,,,
Amafie CHPS,Western,Sefwi-Wiawso,Wiawso,,,,,,,
Anhwiam CHPS,Western,Sefwi-Wiawso,Wiawso,,,,,,,
Bosomoiso CHPS,Western,Sefwi-Wiawso,Wiawso,,,,,,,
Gyatokrom CHPS,Western,Sefwi-Wiawso,Wiawso,,,,,,,
Kessekrom CHPS,Western,Sefwi-Wiawso,Wiawso,,,,,,,
Old Adiembra CHPS,Western,Sefwi-Wiawso,Wiawso,,,,,,,
Watico CHPS,Western,Sefwi-Wiawso,Wiawso,,,,,,,
Wiawso Govt Hospital,Western,Sefwi-Wiawso,Wiawso,,,,,,,
Aboadze CHPS,Western,Shama,Aboadze Abuesi,,,,,,,
Abuesi (Shama) CHPS,Western,Shama,Aboadze Abuesi,,,,,,,
Agyenkwa Clinic,Western,Shama,Aboadze Abuesi,,,,,,,
Dwomo (Shama) CHPS,Western,Shama,Aboadze Abuesi,,,,,,,
Inchaban CHPS,Western,Shama,Aboadze Abuesi,,,,,,,
St Benedict Hospital,Western,Shama,Aboadze Abuesi,,,,,,,
Upper Inchaban CHPS,Western,Shama,Aboadze Abuesi,,,,,,,
VRA Hospital,Western,Shama,Aboadze Abuesi,,,,,,,
Anapansu CHPS,Western,Shama,Graveldo,,,,,,,
Essaman (Shama) CHPS,Western,Shama,Graveldo,,,,,,,
Komfieku CHPS,Western,Shama,Graveldo,,,,,,,
Living Well CHPS,Western,Shama,Graveldo,,,,,,,
Shama Kumasi CHPS,Western,Shama,Graveldo,,,,,,,
Anto CHPS,Western,Shama,Shama,,,,,,,
Assorkor CHPS,Western,Shama,Shama,,,,,,,
Bentsir CHPS,Western,Shama,Shama,,,,,,,
Shama Apo CHPS,Western,Shama,Shama,,,,,,,
Shama Health Centre,Western,Shama,Shama,,,,,,,
SHASS Infirmary,Western,Shama,Shama,,,,,,,
Anlo Beach CHPS,Western,Shama,Supomu Dunkwa,,,,,,,
Atwereboanda CHPS,Western,Shama,Supomu Dunkwa,,,,,,,
Beposo CHPS,Western,Shama,Supomu Dunkwa,,,,,,,
Dunkwa CHPS,Western,Shama,Supomu Dunkwa,,,,,,,
Fawomanye CHPS,Western,Shama,Supomu Dunkwa,,,,,,,
Supomu Clinic,Western,Shama,Supomu Dunkwa,,,,,,,
Supomu Dunkwa Health Centre,Western,Shama,Supomu Dunkwa,,,,,,,
Akosekrom CHPS,Western,Suaman,Akoskrom,,,,,,,
Ama Dansoa Maternity Home,Western,Suaman,Dadieso,,,,,,,
Antokrom CHPS,Western,Suaman,Dadieso,,,,,,,
Dadieso Health Centre,Western,Suaman,Dadieso,,,,,,,
Dadieso SDA Clinic,Western,Suaman,Dadieso,,,,,,,
Eno Mary Dadieso Maternity Home,Western,Suaman,Dadieso,,,,,,,
Kwabena-Nartey CHPS,Western,Suaman,Dadieso,,,,,,,
Karlo CHPS,Western,Suaman,Karlo,,,,,,,
Kwabenakrom CHPS,Western,Suaman,Karlo,,,,,,,
Sui-Ano CHPS,Western,Suaman,Karlo,,,,,,,
Kwassuo CHPS,Western,Suaman,Kwasuo,,,,,,,
Kwasuo-Bantama CHPS,Western,Suaman,Kwasuo,,,,,,,
Amantin CHPS,Western,Tarkwa-Nsuaem,Benso,,,,,,,
Benso Health Centre,Western,Tarkwa-Nsuaem,Benso,,,,,,,
Mahamamo CHPS,Western,Tarkwa-Nsuaem,Benso,,,,,,,
Agona CHPS (Tarkwa),Western,Tarkwa-Nsuaem,Dompim,,,,,,,
Bonsa CHPS Compound,Western,Tarkwa-Nsuaem,Dompim,,,,,,,
Dompim Health Centre,Western,Tarkwa-Nsuaem,Dompim,,,,,,,
Fantikrom CHPS,Western,Tarkwa-Nsuaem,Dompim,,,,,,,
Pataho Block 1 CHPS,Western,Tarkwa-Nsuaem,Dompim,,,,,,,
Anyinase CHPS,Western,Tarkwa-Nsuaem,Essuoso,,,,,,,
Bonsawire CHPS,Western,Tarkwa-Nsuaem,Essuoso,,,,,,,
Essuoso CHPS,Western,Tarkwa-Nsuaem,Essuoso,,,,,,,
Tarkwa Benso Health Centre,Western,Tarkwa-Nsuaem,Essuoso,,,,,,,
Badukrom CHPS,Western,Tarkwa-Nsuaem,Iduapriem,,,,,,,
Iduapriem Health Centre,Western,Tarkwa-Nsuaem,Iduapriem,,,,,,,
Sam Jonna Clinic,Western,Tarkwa-Nsuaem,Iduapriem,,,,,,,
Tebrebe Community Clinic,Western,Tarkwa-Nsuaem,Iduapriem,,,,,,,
ABA Hospital,Western,Tarkwa-Nsuaem,New Atuabo,,,,,,,
Akoon CHPS,Western,Tarkwa-Nsuaem,New Atuabo,,,,,,,
Boboobo CHPS,Western,Tarkwa-Nsuaem,New Atuabo,,,,,,,
Divine Clinic,Western,Tarkwa-Nsuaem,New Atuabo,,,,,,,
Essamankakraba CHPS,Western,Tarkwa-Nsuaem,New Atuabo,,,,,,,
Kwabedu CHPS,Western,Tarkwa-Nsuaem,New Atuabo,,,,,,,
New Atuabo Community Clinic,Western,Tarkwa-Nsuaem,New Atuabo,,,,,,,
Kyekyewere (Western) Health Centre,Western,Tarkwa-Nsuaem,Nsuaem (western),,,,,,,
Mile 5 CHPS,Western,Tarkwa-Nsuaem,Nsuaem (western),,,,,,,
Nsuaem (Tarkwa Nsuayem) Health Centre,Western,Tarkwa-Nsuaem,Nsuaem (western),,,,,,,
Nyarso CHPS,Western,Tarkwa-Nsuaem,Nsuaem (western),,,,,,,
Top CHPS,Western,Tarkwa-Nsuaem,Nsuaem (western),,,,,,,
Akyempim CHPS,Western,Tarkwa-Nsuaem,Nsuta (western),,,,,,,
Akyim CHPS,Western,Tarkwa-Nsuaem,Nsuta (western),,,,,,,
Brofuyedur CHPS,Western,Tarkwa-Nsuaem,Nsuta (western),,,,,,,
Diana Maternity Home/Clinic,Western,Tarkwa-Nsuaem,Nsuta (western),,,,,,,
GMC Hospital,Western,Tarkwa-Nsuaem,Nsuta (western),,,,,,,
Health Plus (+) Clinic,Western,Tarkwa-Nsuaem,Nsuta (western),,,,,,,
Hill Top Clinic,Western,Tarkwa-Nsuaem,Nsuta (western),,,,,,,
Nsuta RCH (CHPS),Western,Tarkwa-Nsuaem,Nsuta (western),,,,,,,
Senyakrom CHPS,Western,Tarkwa-Nsuaem,Nsuta (western),,,,,,,
Tamso CHPS,Western,Tarkwa-Nsuaem,Nsuta (western),,,,,,,
Vivian Maternity Home,Western,Tarkwa-Nsuaem,Nsuta (western),,,,,,,
Nuakokrom CHPS,Western,Tarkwa-Nsuaem,Simpa,,,,,,,
Simpa Health Centre,Western,Tarkwa-Nsuaem,Simpa,,,,,,,
Simpa Junction CHPS,Western,Tarkwa-Nsuaem,Simpa,,,,,,,
RCH (Tarkwa),Western,Tarkwa-Nsuaem,Tarkwa,,,,,,,
Ami Memorial Clinic,Western,Tarkwa-Nsuaem,Tarkwa,,,,,,,
Apinto Government Hospital,Western,Tarkwa-Nsuaem,Tarkwa,,,,,,,
Bosontwi Maternity Home,Western,Tarkwa-Nsuaem,Tarkwa,,,,,,,
Brahabobom CHPS,Western,Tarkwa-Nsuaem,Tarkwa,,,,,,,
Church Of Pentecost Clinic (Tarkwa),Western,Tarkwa-Nsuaem,Tarkwa,,,,,,,
Cyanide CHPS,Western,Tarkwa-Nsuaem,Tarkwa,,,,,,,
Layout CHPS,Western,Tarkwa-Nsuaem,Tarkwa,,,,,,,
Low Cost CHPS,Western,Tarkwa-Nsuaem,Tarkwa,,,,,,,
New Takoradi (Tarkwa) CHPS,Western,Tarkwa-Nsuaem,Tarkwa,,,,,,,
Nkamponase CHPS,Western,Tarkwa-Nsuaem,Tarkwa,,,,,,,
Premier Specialist Hospital,Western,Tarkwa-Nsuaem,Tarkwa,,,,,,,
Rabboni Christian Hospital,Western,Tarkwa-Nsuaem,Tarkwa,,,,,,,
Redeemer Hospital,Western,Tarkwa-Nsuaem,Tarkwa,,,,,,,
TAMOHEC (Clinic),Western,Tarkwa-Nsuaem,Tarkwa,,,,,,,
Tarkwa Municipal Hospital,Western,Tarkwa-Nsuaem,Tarkwa,,,,,,,
Umat Clinic,Western,Tarkwa-Nsuaem,Tarkwa,,,,,,,
Zongo CHPS,Western,Tarkwa-Nsuaem,Tarkwa,,,,,,,
Adjakaa Manso CHPS,Western,Wassa-Amenfi Central,Adjakaa Manso,,,,,,,
Adjakaa Manso Health Centre,Western,Wassa-Amenfi Central,Adjakaa Manso,,,,,,,
Ampontenkrom CHPS,Western,Wassa-Amenfi Central,Adjakaa Manso,,,,,,,
Ankwawso CHPS,Western,Wassa-Amenfi Central,Adjakaa Manso,,,,,,,
Area Seven CHPS,Western,Wassa-Amenfi Central,Adjakaa Manso,,,,,,,
Ayiem CHPS,Western,Wassa-Amenfi Central,Adjakaa Manso,,,,,,,
Daboase CHPS,Western,Wassa-Amenfi Central,Adjakaa Manso,,,,,,,
Juabo CHPS,Western,Wassa-Amenfi Central,Adjakaa Manso,,,,,,,
Juabo Health Centre,Western,Wassa-Amenfi Central,Adjakaa Manso,,,,,,,
Wuratrem CHPS,Western,Wassa-Amenfi Central,Adjakaa Manso,,,,,,,
Agona (Wassa Amenfi Central) Health Centre,Western,Wassa-Amenfi Central,Agona Amenfi,,,,,,,
Agona Camp CHPS,Western,Wassa-Amenfi Central,Agona Amenfi,,,,,,,
Ankasie CHPS,Western,Wassa-Amenfi Central,Agona Amenfi,,,,,,,
Dominase Nkwanta CHPS,Western,Wassa-Amenfi Central,Agona Amenfi,,,,,,,
Jedua Kesse CHPS,Western,Wassa-Amenfi Central,Agona Amenfi,,,,,,,
Anakum CHPS,Western,Wassa-Amenfi Central,Anakum,,,,,,,
Dwirigum CHPS,Western,Wassa-Amenfi Central,Anakum,,,,,,,
Obeng CHPS,Western,Wassa-Amenfi Central,Anakum,,,,,,,
Akyekyere CHPS,Western,Wassa-Amenfi Central,Anyinabrim,,,,,,,
Anyinabrim (Wassa Amenfi Central) CHPS,Western,Wassa-Amenfi Central,Anyinabrim,,,,,,,
Bonuama CHPS,Western,Wassa-Amenfi Central,Anyinabrim,,,,,,,
Kwaman (Wassa Amenfi Central) CHPS,Western,Wassa-Amenfi Central,Anyinabrim,,,,,,,
Bonsie CHPS,Western,Wassa-Amenfi Central,Bonsie,,,,,,,
Kyeikrom CHPS,Western,Wassa-Amenfi Central,Bonsie,,,,,,,
Somprey CHPS,Western,Wassa-Amenfi Central,Bonsie,,,,,,,
Chichiso No.1 CHPS,Western,Wassa-Amenfi Central,Manso Amenfi,,,,,,,
Hiawa CHPS,Western,Wassa-Amenfi Central,Manso Amenfi,,,,,,,
Manso Amenfi CHPS,Western,Wassa-Amenfi Central,Manso Amenfi,,,,,,,
Manso Amenfi Health Centre,Western,Wassa-Amenfi Central,Manso Amenfi,,,,,,,
Akyempim Health Centre,Western,Wassa East,Ateiku,,,,,,,
Ateiku Health Centre,Western,Wassa East,Ateiku,,,,,,,
Brofoyedru (Ateiku) CHPS,Western,Wassa East,Ateiku,,,,,,,
Christina Adcock and Son's Christian Hospital,Western,Wassa East,Ateiku,,,,,,,
It Is The Lord Maternity,Western,Wassa East,Ateiku,,,,,,,
Kokoase CHPS,Western,Wassa East,Ateiku,,,,,,,
New Subri CHPS,Western,Wassa East,Ateiku,,,,,,,
Nsadweso CHPS,Western,Wassa East,Ateiku,,,,,,,
Osenso CHPS,Western,Wassa East,Ateiku,,,,,,,
Senchem Maternity Home,Western,Wassa East,Ateiku,,,,,,,
Akutuase Community Clinic,Western,Wassa East,Atobiase,,,,,,,
Amponsaso CHPS,Western,Wassa East,Atobiase,,,,,,,
Anto (Atobiase Sub District) CHPS,Western,Wassa East,Atobiase,,,,,,,
Atobiase Community Clinic,Western,Wassa East,Atobiase,,,,,,,
Beenu-yie CHPS,Western,Wassa East,Atobiase,,,,,,,
Domama CHPS,Western,Wassa East,Atobiase,,,,,,,
Edwenase CHPS,Western,Wassa East,Atobiase,,,,,,,
Aboaboso CHPS,Western,Wassa East,Daboase,,,,,,,
Adiembra CHPS,Western,Wassa East,Daboase,,,,,,,
Ahmadiyya Mission Hospital,Western,Wassa East,Daboase,,,,,,,
Daboase Health Centre,Western,Wassa East,Daboase,,,,,,,
Dompim Community Clinic,Western,Wassa East,Daboase,,,,,,,
Ebukrom CHPS,Western,Wassa East,Daboase,,,,,,,
Sekyere Hemang CHPS,Western,Wassa East,Daboase,,,,,,,
Sipl Clinic,Western,Wassa East,Daboase,,,,,,,
SOCFINAF PLANTATION Ltd Clinic,Western,Wassa East,Daboase,,,,,,,
Enyinabrim CHPS,Western,Wassa East,Sekyere Krobo,,,,,,,
Essaman (Sekyere Krobo) CHPS,Western,Wassa East,Sekyere Krobo,,,,,,,
Glory of God Maternity Home,Western,Wassa East,Sekyere Krobo,,,,,,,
Kakabo CHPS,Western,Wassa East,Sekyere Krobo,,,,,,,
Nsuta (Wassa East) CHPS,Western,Wassa East,Sekyere Krobo,,,,,,,
Sekyere Krobo Community Clinic,Western,Wassa East,Sekyere Krobo,,,,,,,
